Motu,Date,Exposure,Side.x,GPS,Sample.Bag,Fish_ID,Size,total_time_seconds_numeric,distance_start_end,total_bites_per_minute,mean_bites_per_minute,mean_bites_per_foray,number_forays,forays_per_minute,sum_distance_between_forays,mean_distance_between_forays,sum_distance_between_forays_per_minute,Analysis.name,SIF.name,Sample.name,N15,C13,N_percent,C_percent,Sample_Type,Sample.name.1,Purpose,Side.y,Sample_Bag_Number,Motu_exposure,gps_name,longitude,latitude,time,cmt
Aie,6/10/22,Protected,South,225,2,AIE_01,17,130,1,60.46153846,15.11538462,32.75,4,1.846153846,5,1.666666667,2.307692308,230218 Plate 13 G11.raw,TF281,AIE A TRI 02 100622,1.48,-5.17,4.45,42.54,Turf,AIE A TRI 02 100622,A_tri_behaviour,South,2,Aie_Protected,225,-149.535325,-17.009578,2022/06/10 23:22:43+00,2022-06-10T23:22
Aie,6/10/22,Protected,South,226,3,AIE_02,15,155,NA,33.29032258,4.161290323,10.75,8,3.096774194,7,1,2.709677419,230218 Plate 13 G3.raw,TF282,AIE A TRI 03 100622,2.87,-7.71,4.63,43.12,Turf,AIE A TRI 03 100622,A_tri_behaviour,South,3,Aie_Protected,226,-149.535214,-17.009612,2022/06/10 23:29:44+00,2022-06-10T23:29
Aie,6/10/22,Protected,South,227,5,AIE_03,14,102,1,16.47058824,8.235294118,14,2,1.176470588,1,1,0.588235294,230219 Plate 14 F2.raw,TF292,AIE A TRI 05 100622,2.12,-5.94,4.03,42.27,Turf,AIE A TRI 05 100622,A_tri_behaviour,South,5,Aie_Protected,227,-149.535168,-17.009774,2022/06/10 23:39:08+00,2022-06-10T23:39
Aie,6/10/22,Protected,South,228,6,AIE_04,15,120,1,37,6.166666667,12.33333333,6,3,5,1,2.5,230219 Plate 14 G7.raw,TF284,AIE A TRI 06 100622,1.32,-5.1,4.4,41.52,Turf,AIE A TRI 06 100622,A_tri_behaviour,South,6,Aie_Protected,228,-149.535099,-17.00982,2022/06/10 23:45:52+00,2022-06-10T23:45
Aie,6/10/22,Protected,South,229,12,AIE_05,17,71,NA,40.56338028,8.112676056,9.6,5,4.225352113,4,1,3.38028169,230219 Plate 14 C12.raw,TF294,AIE A TRI 12 100622,1.75,-5,4.22,41.91,Turf,AIE A TRI 12 100622,A_tri_behaviour,South,12,Aie_Protected,229,-149.535025,-17.009844,2022/06/10 23:50:33+00,2022-06-10T23:50
Aie,6/10/22,Protected,South,230,15,AIE_06,17,150,2,63.2,10.53333333,26.33333333,6,2.4,3,0.6,1.2,230218 Plate 13 G2.raw,TF283,AIE A TRI 15 100622,2.26,-6.82,4,41.92,Turf,AIE A TRI 15 100622,A_tri_behaviour,South,15,Aie_Protected,230,-149.53489,-17.00985,2022/06/11 00:00:33+00,2022-06-11T00:00
Aie,6/10/22,Protected,South,231,19,AIE_07,16,94,3,51.06382979,12.76595745,20,4,2.553191489,4,1.333333333,2.553191489,230219 Plate 14 G4.raw,TF287,AIE A TRI 19 100622,3,-6.29,3.8,42.43,Turf,AIE A TRI 19 100622,A_tri_behaviour,South,19,Aie_Protected,231,-149.534766,-17.009936,2022/06/11 00:07:15+00,2022-06-11T00:07
Aie,6/10/22,Protected,South,232,20,AIE_08,17,196,0,78.97959184,7.897959184,25.8,10,3.06122449,7,0.777777778,2.142857143,230219 Plate 14 G9.raw,TF285,AIE A TRI 20 100622,1.34,-4.73,4.35,40.8,Turf,AIE A TRI 20 100622,A_tri_behaviour,South,20,Aie_Protected,232,-149.534902,-17.010167,2022/06/11 00:16:32+00,2022-06-11T00:16
Aie,6/10/22,Protected,South,233,21,AIE_09,14,120,2,69,8.625,17.25,8,4,5.5,0.785714286,2.75,230219 Plate 14 F3.raw,TF290,AIE A TRI 21 100622,1.79,-5.87,4.6,42.53,Turf,AIE A TRI 21 100622,A_tri_behaviour,South,21,Aie_Protected,233,-149.534958,-17.010205,2022/06/11 00:31:32+00,2022-06-11T00:31
Aie,6/10/22,Protected,South,234,23,AIE_10,17,143,1,53.70629371,7.672327672,18.28571429,7,2.937062937,6,1,2.517482517,230219 Plate 14 E11.raw,TF291,AIE A TRI 23 100622,2.17,-9.66,5.36,44.2,Turf,AIE A TRI 23 100622,A_tri_behaviour,South,23,Aie_Protected,234,-149.534926,-17.010284,2022/06/11 00:39:43+00,2022-06-11T00:39
Aie,6/10/22,Protected,South,235,27,AIE_11,13,185,2,21.40540541,2.140540541,6.6,10,3.243243243,4.6,0.511111111,1.491891892,230223 Plate 15 C5.raw,TF293,AIE A TRI 27 100622,2.57,-6.93,4.45,41.92,Turf,,A_tri_behaviour,South,27,Aie_Protected,235,-149.53515,-17.010081,2022/06/11 00:51:05+00,2022-06-11T00:51
Aie,6/10/22,Protected,South,236,26,AIE_12,13,90,0,31.33333333,6.266666667,9.4,5,3.333333333,0,0,0,230218 Plate 13 G8.raw,TF295,AIE A TRI 26 100622,2.07,-6.27,4.76,42.5,Turf,AIE A TRI 26 100622,A_tri_behaviour,South,26,Aie_Protected,236,-149.535146,-17.009871,2022/06/11 00:59:02+00,2022-06-11T00:59
Aie,6/10/22,Protected,South,237,28,AIE_13,14,56,0.9,58.92857143,19.64285714,18.33333333,3,3.214285714,0.9,0.45,0.964285714,230219 Plate 14 E5.raw,TF288,AIE A TRI 28 100622,3.98,-14.27,6.67,44.79,Turf,AIE A TRI 28 100622,A_tri_behaviour,South,28,Aie_Protected,237,-149.535281,-17.00981,2022/06/11 01:06:51+00,2022-06-11T01:06
Aie,6/10/22,Protected,South,238,29,AIE_15,16,156,0,36.15384615,3.615384615,9.4,10,3.846153846,3,0.333333333,1.153846154,230219 Plate 14 G6.raw,TF286,AIE A TRI 29 100622,1.48,-5.48,3.77,42.24,Turf,AIE A TRI 29 100622,A_tri_behaviour,South,29,Aie_Protected,238,-149.535437,-17.009548,2022/06/11 01:24:21+00,2022-06-11T01:24
Aie,6/10/22,Protected,South,239,33,AIE_16,17,67,1,24.17910448,4.835820896,5.4,5,4.47761194,1.5,0.375,1.343283582,230219 Plate 14 G8.raw,TF289,AIE A TRI 33 100622,2.56,-5.95,4.31,42.38,Turf,AIE A TRI 33 100622,A_tri_behaviour,South,33,Aie_Protected,239,-149.535458,-17.009487,2022/06/11 01:32:51+00,2022-06-11T01:32
Aie,6/10/22,Protected,South,n/a,n/a,AIE_14,17,27,1,71.11111111,35.55555556,16,2,4.444444444,1,1,2.222222222,NA,NA,NA,NA,NA,NA,NA,NA,NA,NA,NA,NA,NA,NA,NA,NA,NA,NA
Aie,6/15/22,Exposed,North,277,21,AIE_17,13,180,8,45,5,15,9,3,11.05,1.38125,3.683333333,230217 Plate 12 C7.raw,TF74,AIE-N A TRI 21 150622,1.59,-6.13,4.99,42.9,Turf,AIE-N A TRI 21 150622,A_tri_behaviour,North,21,Aie_Exposed,277,-149.536067,-17.007387,2022/06/15 22:59:27+00,2022-06-15T22:59
Aie,6/15/22,Exposed,North,278,4,AIE_18,14,180,NA,18,3,9,6,2,0.1,0.02,0.033333333,230217 Plate 12 G6.raw,TF71,AIE-N A TRI 04 150622,3.27,-7.54,4.56,43.66,Turf,AIE-N A TRI 04 150622,A_tri_behaviour,North,4,Aie_Exposed,278,-149.53613,-17.007329,2022/06/15 23:06:38+00,2022-06-15T23:06
Aie,6/15/22,Exposed,North,279,28,AIE_19,15,180,0,24,4,12,6,2,5.5,1.1,1.833333333,230217 Plate 12 E7.raw,TF72,AIE-N A TRI 28 150622,1.72,-5.91,3.41,37.08,Turf,AIE-N A TRI 28 150622,A_tri_behaviour,North,28,Aie_Exposed,279,-149.536,-17.007286,2022/06/15 23:16:54+00,2022-06-15T23:16
Aie,6/15/22,Exposed,North,280,29,AIE_20,15,180,3,20.66666667,5.166666667,15.5,4,1.333333333,3,1,1,230216 Plate 11 F2.raw,TF77,AIE-N A TRI 29 150622,1.35,-5.92,4.48,41.11,Turf,AIE-N A TRI 29 150622,A_tri_behaviour,North,29,Aie_Exposed,280,-149.535653,-17.007167,2022/06/15 23:28:15+00,2022-06-15T23:28
Aie,6/15/22,Exposed,North,281,17,AIE_21,15,110,0.4,48,16,29.33333333,3,1.636363636,0.4,0.2,0.218181818,230216 Plate 11 C7.raw,TF70,AIE-N A TRI 17 150622,1.15,-6.04,4.56,42.17,Turf,AIE-N A TRI 17 150622,A_tri_behaviour,North,17,Aie_Exposed,281,-149.535748,-17.007123,2022/06/15 23:34:56+00,2022-06-15T23:34
Aie,6/15/22,Exposed,North,282,26,AIE_22,16,185,NA,60.97297297,5.081081081,15.66666667,12,3.891891892,3.3,0.3,1.07027027,230216 Plate 11 D1.raw,TF78,AIE-N A TRI 26 150622,2.26,-8.36,4.89,43.5,Turf,AIE-N A TRI 26 150622,A_tri_behaviour,North,26,Aie_Exposed,282,-149.535792,-17.007062,2022/06/15 23:42:00+00,2022-06-15T23:42
Aie,6/15/22,Exposed,North,283,6,AIE_23,16,181,1.5,56.68508287,6.298342541,19,9,2.983425414,7.2,0.9,2.386740331,230216 Plate 11 G4.raw,TF80,AIE-N A TRI 06 150622,1.41,-6.46,3.84,36.62,Turf,AIE-N A TRI 06 150622,A_tri_behaviour,North,6,Aie_Exposed,283,-149.535759,-17.006924,2022/06/15 23:54:43+00,2022-06-15T23:54
Aie,6/15/22,Exposed,North,284,22,AIE_24,14,82,1,25.6097561,6.402439024,8.75,4,2.926829268,1.7,0.566666667,1.243902439,230217 Plate 12 C5.raw,TF75,AIE-N A TRI 22 050622,2.18,-5.05,3.55,41.1,Turf,AIE-N A TRI 22 050622,A_tri_behaviour,North,22,Aie_Exposed,284,-149.535885,-17.006897,2022/06/16 00:00:37+00,2022-06-16T00:00
Aie,6/15/22,Exposed,North,285,36,AIE_25,17,180,NA,63.66666667,10.61111111,31.83333333,6,2,2.1,0.42,0.7,230217 Plate 12 G7.raw,TF69,AIE-N A TRI 36 150622,0.95,-5.21,4.09,41.7,Turf,AIE-N A TRI 36 150622,A_tri_behaviour,North,36,Aie_Exposed,285,-149.535836,-17.006807,2022/06/16 00:08:46+00,2022-06-16T00:08
Aie,6/15/22,Exposed,North,286,33,AIE_26,16,202,1,54.95049505,4.99549955,16.81818182,11,3.267326733,4.6,0.46,1.366336634,230216 Plate 11 G10.raw,TF82,AIE-N A TRI 33 150622,1.19,-6.18,3.95,42.1,Turf,AIE-N A TRI 33 150622,A_tri_behaviour,North,33,Aie_Exposed,286,-149.535902,-17.006794,2022/06/16 00:17:20+00,2022-06-16T00:17
Aie,6/15/22,Exposed,North,287,20,AIE_27,14,180,10,7,1.75,5.25,4,1.333333333,10.7,3.566666667,3.566666667,230217 Plate 12 A7.raw,TF83,AIE-N A TRI 20 150622,1.16,-4.88,4.32,41.56,Turf,AIE-N A TRI 20 150622,A_tri_behaviour,North,20,Aie_Exposed,287,-149.535978,-17.006924,2022/06/16 00:25:08+00,2022-06-16T00:25
Aie,6/15/22,Exposed,North,288,5,AIE_28,15,186,2.5,27.09677419,4.516129032,14,6,1.935483871,10.5,2.1,3.387096774,230216 Plate 11 E12.raw,TF73,AIE-N A TRI 05 150622,1.64,-5.94,3.85,41.01,Turf,AIE-N A TRI 05 150622,A_tri_behaviour,North,5,Aie_Exposed,288,-149.536052,-17.007005,2022/06/16 00:32:37+00,2022-06-16T00:32
Aie,6/15/22,Exposed,North,289,13,AIE_29,14,180,2,18,3,9,6,2,10,2,3.333333333,230217 Plate 12 F1.raw,TF76,AIE-N A TRI 13 150622,1.39,-5.86,4.5,43.21,Turf,AIE-N A TRI 13 150622,A_tri_behaviour,North,13,Aie_Exposed,289,-149.536003,-17.007226,2022/06/16 00:41:08+00,2022-06-16T00:41
Aie,6/15/22,Exposed,North,290,19,AIE_30,13,185,5,38.59459459,7.718918919,23.8,5,1.621621622,2.6,0.65,0.843243243,230217 Plate 12 G10.raw,TF81,AIE-N A TRI 19 150622,1.07,-5.38,4.34,42.02,Turf,AIE-N A TRI 19 150622,A_tri_behaviour,North,19,Aie_Exposed,290,-149.53596,-17.00724,2022/06/16 00:50:12+00,2022-06-16T00:50
Aie,6/15/22,Exposed,North,291,3,AIE_31,14,180,0.6,22.66666667,4.533333333,13.6,5,1.666666667,2.6,0.65,0.866666667,NA,NA,NA,NA,NA,NA,NA,NA,NA,NA,NA,NA,NA,291,-149.535964,-17.007306,2022/06/16 00:59:08+00,2022-06-16T00:59
Hir/Tau Hoa,6/9/22,,Hoa,220,2,HOA_01,18,164,3,13.90243902,2.317073171,6.333333333,6,2.195121951,3.3,0.66,1.207317073,230223 Plate 15 C1.raw,TF267,HIR HOA A TRI 02 090622,4.45,-17.35,4,43.95,Turf,,A_tri_behaviour,,2,Hoa_,220,-149.561006,-16.987696,2022/06/10 00:39:47+00,2022-06-10T00:39
Hir/Tau Hoa,6/9/22,,Hoa,223,20,HOA_02,16,180,0,16.66666667,5.555555556,16.66666667,3,1,0,0,0,230223 Plate 15 B1.raw,TF263,HIR HOA A TRI 20 090622,2.42,-10.71,4.03,31.91,Turf,,A_tri_behaviour,,20,Hoa_,223,-149.56069,-16.987694,2022/06/10 00:51:30+00,2022-06-10T00:51
Hir/Tau Hoa,6/9/22,,Hoa,224,28,HOA_03,18,180,5,10,2.5,7.5,4,1.333333333,9,3,3,NA,NA,NA,NA,NA,NA,NA,NA,NA,NA,NA,NA,NA,224,-149.561056,-16.988159,2022/06/10 01:05:49+00,2022-06-10T01:05
Hiranae,6/8/22,,West,211,23,HIR_03,15,180,4,22.33333333,4.466666667,13.4,5,1.666666667,34,8.5,11.33333333,230219 Plate 14 G5.raw,TF275,HIR A TRI 23 080622,3.63,-10.36,4.89,42.87,Turf,HIR A TRI 23 080622,A_tri_behaviour,,23,Hiranae_,211,-149.55882,-16.989613,2022/06/08 19:51:47+00,2022-06-08T19:51
Hiranae,6/8/22,,West,212,29,HIR_04,13,180,NA,18,3.6,10.8,5,1.666666667,17,4.25,5.666666667,230219 Plate 14 D3.raw,TF278,HIR A TRI 29 080622,3.77,-14.32,5.51,43.37,Turf,HIR A TRI 29 080622,A_tri_behaviour,,29,Hiranae_,212,-149.558737,-16.989616,2022/06/08 19:57:26+00,2022-06-08T19:57
Hiranae,6/8/22,,West,213,20,HIR_05,18,180,NA,4.333333333,1.083333333,3.25,4,1.333333333,1.5,0.5,0.5,230223 Plate 15 C10.raw,TF270,HIR A TRI 20 080622,5.8,-14.73,3.45,44.17,Turf,,A_tri_behaviour,,20,Hiranae_,213,-149.558629,-16.9896,2022/06/08 20:03:50+00,2022-06-08T20:03
Hiranae,6/8/22,,West,214,33,HIR_06,12,180,0.5,5.333333333,1.333333333,4,4,1.333333333,1.5,0.5,0.5,230223 Plate 15 C12.raw,TF280,HIR A TRI 33 080622,6.71,-18.6,2.67,42.5,Turf,,A_tri_behaviour,,33,Hiranae_,214,-149.558514,-16.989537,2022/06/08 20:19:20+00,2022-06-08T20:19
Hiranae,6/8/22,,West,215,28,HIR_07,12,180,0.1,11,5.5,16.5,2,0.666666667,0.1,0.1,0.033333333,230223 Plate 15 C9.raw,TF276,HIR A TRI 28 080622,4.65,-5.91,2.62,42.03,Turf,,A_tri_behaviour,,28,Hiranae_,215,-149.558701,-16.989518,2022/06/08 20:35:07+00,2022-06-08T20:35
Hiranae,6/8/22,,West,216,19,HIR_08,12,180,3,5.333333333,0.888888889,2.666666667,6,2,8.5,1.7,2.833333333,230219 Plate 14 E9.raw,TF277,HIR A TRI 19 080622,7.08,-12.82,2.05,42.08,Turf,HIR A TRI 19 080622,A_tri_behaviour,,19,Hiranae_,216,-149.558956,-16.989503,2022/06/08 20:45:08+00,2022-06-08T20:45
Hiranae,6/8/22,,West,217,26,HIR_09,13,180,6,4.333333333,1.444444444,4.333333333,3,1,8,4,2.666666667,230219 Plate 14 C10.raw,TF273,HIR-ATRI 26 080622,6.33,-18.55,6.39,46,Turf,HIR-ATRI 26 080622,A_tri_behaviour,,26,Hiranae_,217,-149.559062,-16.98951,2022/06/08 21:08:19+00,2022-06-08T21:08
Hiranae,6/8/22,,West,218,21,HIR_10,19,180,0.5,5,2.5,7.5,2,0.666666667,0.5,0.5,0.166666667,230219 Plate 14 G1.raw,TF279,HIR A TRI 21 080622,6.38,-21.3,4.35,42.75,Turf,HIR A TRI 21 080622,A_tri_behaviour,,21,Hiranae_,218,-149.559155,-16.989537,2022/06/08 21:14:08+00,2022-06-08T21:14
Hiranae,6/8/22,,West,219,5,HIR_11,11,192,NA,0.625,0.625,2,1,0.3125,0,NA,0,230219 Plate 14 A3.raw,TF272,HIR-A TRI5 080622,7.04,-14.4,3.32,44.16,Turf,HIR-A TRI5 080622,A_tri_behaviour,,5,Hiranae_,219,-149.558967,-16.989496,2022/06/08 21:30:34+00,2022-06-08T21:30
Hiranae,6/8/22,,West,not taken,2,HIR_01,13,240,10,10.25,1.708333333,6.833333333,6,1.5,16.1,3.22,4.025,230219 Plate 14 A12.raw,TF274,HIR A TRI 2 080622,6.47,-12.07,2.98,43.79,Turf,HIR A TRI 2 080622,A_tri_behaviour,,2,Hiranae_,NA,NA,NA,NA,NA
Hiranae,6/8/22,,West,not taken,27,HIR_02,11,180,0.05,6,3,9,2,0.666666667,0.05,0.05,0.016666667,230223 Plate 15 C8.raw,TF271,HIR A TRI 27 080622,7.42,-11.7,2.03,42.68,Turf,,A_tri_behaviour,,27,Hiranae_,NA,NA,NA,NA,NA
Reiono,6/13/22,Protected,West,256,13,REI_07,16,221,10,21.71945701,10.85972851,40,2,0.542986425,10,10,2.714932127,230218 Plate 13 C8.raw,TF225,REI-SW ATRI 13 130622,3.63,-8.88,5.14,43.17,Turf,REI-SW ATRI 13 130622,A_tri_behaviour,West,13,Reiono_Protected,256,-149.547862,-17.046296,2022/06/13 22:27:51+00,2022-06-13T22:27
Reiono,6/13/22,Protected,West,257,5,REI_08,14,180,1,34,4.25,12.75,8,2.666666667,15,2.142857143,5,230219 Plate 14 A10.raw,TF224,REI-SW A TRI 05 130622,2.81,-7.09,4.14,41.57,Turf,REI-SW A TRI 05 130622,A_tri_behaviour,West,5,Reiono_Protected,257,-149.547893,-17.04631,2022/06/13 22:34:37+00,2022-06-13T22:34
Reiono,6/13/22,Protected,West,258,27,REI_09,17,180,0.3,36,3.6,10.8,10,3.333333333,9.2,1.022222222,3.066666667,230218 Plate 13 G10.raw,TF229,REI-SW A TRI 27 130622,3.17,-6.47,4.56,41.96,Turf,REI-SW A TRI 27 130622,A_tri_behaviour,West,27,Reiono_Protected,258,-149.547944,-17.046378,2022/06/13 22:44:18+00,2022-06-13T22:44
Reiono,6/13/22,Protected,West,259,4,REI_10,14,184,0.75,65.2173913,4.658385093,14.28571429,14,4.565217391,7.9,0.607692308,2.576086957,230219 Plate 14 A7.raw,TF228,REI-SW A TRI 04 130622,2.44,-7.7,4.4,42.9,Turf,REI-SW A TRI 04 130622,A_tri_behaviour,West,4,Reiono_Protected,259,-149.547969,-17.046358,2022/06/13 22:52:49+00,2022-06-13T22:52
Reiono,6/13/22,Protected,West,260,20,REI_11,16,151,0,14.30463576,2.38410596,6,6,2.38410596,4.7,0.94,1.867549669,230218 Plate 13 E8.raw,TF221,REI-SW A TRI 20 130622,3.16,-6.62,3.42,41.84,Turf,REI-SW A TRI 20 130622,A_tri_behaviour,West,20,Reiono_Protected,260,-149.54803,-17.046395,2022/06/13 23:07:18+00,2022-06-13T23:07
Reiono,6/13/22,Protected,West,261,15,REI_12,14,180,NA,36.66666667,4.074074074,12.22222222,9,3,9.05,1.13125,3.016666667,230218 Plate 13 D2.raw,TF222,REI-SW ATRI 15 130622,1.94,-6.07,4.73,42.93,Turf,REI-SW ATRI 15 130622,A_tri_behaviour,West,15,Reiono_Protected,261,-149.548075,-17.046374,2022/06/13 23:14:17+00,2022-06-13T23:14
Reiono,6/13/22,Protected,West,262,12,REI_13,15,222,0.7,10.27027027,5.135135135,19,2,0.540540541,0.7,0.7,0.189189189,230218 Plate 13 B2.raw,TF214,REI-SW A TRI 12 130622,1.47,-4.8,4.1,39.87,Turf,REI-SW A TRI 12 130622,A_tri_behaviour,West,12,Reiono_Protected,262,-149.548194,-17.046327,2022/06/13 23:30:20+00,2022-06-13T23:30
Reiono,6/13/22,Protected,West,263,23,REI_14,14,188,NA,42.12765957,5.265957447,16.5,8,2.553191489,3,0.428571429,0.957446809,230218 Plate 13 C11.raw,TF227,REI-SW A TRI 23 130622,1.93,-6.21,4.32,42.42,Turf,REI-SW A TRI 23 130622,A_tri_behaviour,West,23,Reiono_Protected,263,-149.548325,-17.046347,2022/06/13 23:40:54+00,2022-06-13T23:40
Reiono,6/13/22,Protected,West,264,6,REI_15,15,180,0.5,22.33333333,2.481481481,7.444444444,9,3,9.9,1.2375,3.3,230218 Plate 13 E7.raw,TF215,REI -SW A TRI 06 130622,2.3,-6.77,4.59,42.26,Turf,REI -SW A TRI 06 130622,A_tri_behaviour,West,6,Reiono_Protected,264,-149.548345,-17.046325,2022/06/13 23:51:15+00,2022-06-13T23:51
Reiono,6/13/22,Protected,West,265,2,REI_16,14,180,0.05,20,10,30,2,0.666666667,0.05,0.05,0.016666667,230218 Plate 13 E4.raw,TF218,REI-SW ATRI 02 130622,3.77,-7.67,4.5,42.69,Turf,REI-SW ATRI 02 130622,A_tri_behaviour,West,2,Reiono_Protected,265,-149.547959,-17.0464,2022/06/13 23:57:55+00,2022-06-13T23:57
Reiono,6/13/22,Protected,West,266,8,REI_17,15,68,NA,59.11764706,8.445378151,9.571428571,7,6.176470588,0.7,0.116666667,0.617647059,230218 Plate 13 E1.raw,TF220,REI-SW A TRI 08 130622,2.38,-6.19,4.01,39.65,Turf,REI-SW A TRI 08 130622,A_tri_behaviour,West,8,Reiono_Protected,266,-149.547931,-17.04645,2022/06/14 00:02:11+00,2022-06-14T00:02
Reiono,6/13/22,Protected,West,267,26,REI_18,16,120,1.5,18.5,6.166666667,12.33333333,3,1.5,1.5,0.75,0.75,230219 Plate 14 A2.raw,TF226,REI-SW A TRI 26 130622,1.91,-4.79,4.06,41.28,Turf,REI-SW A TRI 26 130622,A_tri_behaviour,West,26,Reiono_Protected,267,-149.547954,-17.046544,2022/06/14 00:10:26+00,2022-06-14T00:10
Reiono,6/13/22,Protected,West,268,36,REI_19,14,180,0.3,24.66666667,2.466666667,7.4,10,3.333333333,3.55,0.394444444,1.183333333,230218 Plate 13 D1.raw,TF223,REI-SW ATRI 36 130622,1.41,-4.62,4.02,40.43,Turf,REI-SW ATRI 36 130622,A_tri_behaviour,West,36,Reiono_Protected,268,-149.54792,-17.04666,2022/06/14 00:19:31+00,2022-06-14T00:19
Reiono,6/13/22,Protected,West,269,3,REI_20,17,190,4.5,6,2,6.333333333,3,0.947368421,5,2.5,1.578947368,230218 Plate 13 C10.raw,TF219,REI-SW A TRI 03 130622,3.65,-7.34,3.85,42.65,Turf,REI-SW A TRI 03 130622,A_tri_behaviour,West,3,Reiono_Protected,269,-149.547972,-17.046811,2022/06/14 00:32:59+00,2022-06-14T00:32
Reiono,6/13/22,Protected,West,270,29,REI_21,14,180,2,37,6.166666667,18.5,6,2,10,2,3.333333333,230219 Plate 14 C9.raw,TF213,REI-SW A TRI 29 130622,2.45,-5.84,4.36,42.22,Turf,REI-SW A TRI 29 130622,A_tri_behaviour,West,29,Reiono_Protected,270,-149.547804,-17.046844,2022/06/14 00:46:14+00,2022-06-14T00:46
Reiono,6/13/22,Protected,West,271,19,REI_22,15,180,3,39.66666667,9.916666667,29.75,4,1.333333333,3.4,1.133333333,1.133333333,230219 Plate 14 C6.raw,TF217,REI-SW A TRI 19 130622,3,-5.66,4.44,41.85,Turf,REI-SW A TRI 19 130622,A_tri_behaviour,West,19,Reiono_Protected,271,-149.547816,-17.046874,2022/06/14 00:55:38+00,2022-06-14T00:55
Reiono,6/13/22,Protected,West,272,17,REI_23,15,193,1.5,69.32642487,6.932642487,22.3,10,3.10880829,7.65,0.85,2.378238342,230219 Plate 14 A8.raw,TF216,REI-SW A TRI 17 130622,3.35,-8.36,4.28,41.58,Turf,REI-SW A TRI 17 130622,A_tri_behaviour,West,17,Reiono_Protected,272,-149.547875,-17.046921,2022/06/14 01:04:20+00,2022-06-14T01:04
Reiono,6/16/22,Exposed,East,292,2,REI_24,16,138,10,4.782608696,2.391304348,5.5,2,0.869565217,0.45,0.45,0.195652174,230217 Plate 12 A8.raw,TF1,REI-E A TRI 02 160622,1.58,-5.58,4.52,41.32,Turf,REI-E A TRI 02 160622,A_tri_behaviour,East,2,Reiono_Exposed,292,-149.543564,-17.045445,2022/06/16 19:52:49+00,2022-06-16T19:52
Reiono,6/16/22,Exposed,East,293,3,REI_25,17,210,8,13.71428571,4.571428571,16,3,0.857142857,8.3,4.15,2.371428571,230217 Plate 12 A9.raw,TF999b,REI-E A TRI? 160622,1.66,-5.69,4.29,39.68,Turf,REI-E A TRI? 160622,A_tri_behaviour,East,3,Reiono_Exposed,293,-149.543469,-17.045396,2022/06/16 20:00:16+00,2022-06-16T20:00
Reiono,6/16/22,Exposed,East,294,36,REI_26,14,166,4,33.97590361,5.662650602,15.66666667,6,2.168674699,5.55,1.11,2.006024096,230216 Plate 11 E7.raw,TF5,REI-E A TRI 36 160622,2.45,-7.53,4.85,44.12,Turf,REI-E A TRI 36 160622,A_tri_behaviour,East,36,Reiono_Exposed,294,-149.543395,-17.045317,2022/06/16 20:10:51+00,2022-06-16T20:10
Reiono,6/16/22,Exposed,East,295,17,REI_27,15,150,0.4,14.4,2.88,7.2,5,2,3.4,0.85,1.36,230217 Plate 12 D1.raw,TF4,REI-E A TRI 17 160622,1.25,-5.38,4.59,41.36,Turf,REI-E A TRI 17 160622,A_tri_behaviour,East,17,Reiono_Exposed,295,-149.543337,-17.0453,2022/06/16 20:18:20+00,2022-06-16T20:18
Reiono,6/16/22,Exposed,East,296,4,REI_28,16,180,0.6,20.33333333,4.066666667,12.2,5,1.666666667,1.2,0.3,0.4,230216 Plate 11 A5.raw,TF12,REI-E A TRI 4 160622,3.84,-4.74,3.65,43.14,Turf,REI-E A TRI 4 160622,A_tri_behaviour,East,4,Reiono_Exposed,296,-149.543369,-17.045241,2022/06/16 20:27:00+00,2022-06-16T20:27
Reiono,6/16/22,Exposed,East,297,29,REI_29,15,180,1,27,3,9,9,3,3.35,0.41875,1.116666667,230216 Plate 11 C12.raw,TF8,REI-E A TRI 29 160622,1.56,-6.3,4.67,42.64,Turf,REI-E A TRI 29 160622,A_tri_behaviour,East,29,Reiono_Exposed,297,-149.543368,-17.045217,2022/06/16 20:33:50+00,2022-06-16T20:33
Reiono,6/16/22,Exposed,East,298,19,REI_30,14,193,NA,24.24870466,3.464100666,11.14285714,7,2.176165803,5.85,0.975,1.81865285,230216 Plate 11 B1.raw,TF3,REI-E A TRI 19 160622,1.28,-4.13,4.75,43.66,Turf,REI-E A TRI 19 160622,A_tri_behaviour,East,19,Reiono_Exposed,298,-149.543266,-17.045214,2022/06/16 20:41:09+00,2022-06-16T20:41
Reiono,6/16/22,Exposed,East,299,11,REI_31,16,150,0.4,22,4.4,11,5,2,1,0.25,0.4,230217 Plate 12 D2.raw,TF999a,REI-E A TRI? 160622,4.67,-12.38,3.26,43.12,Turf,REI-E A TRI? 160622,A_tri_behaviour,East,11,Reiono_Exposed,299,-149.544051,-17.044929,2022/06/16 21:12:25+00,2022-06-16T21:12
Reiono,6/16/22,Exposed,East,300,13,REI_32,17,135,NA,19.11111111,3.185185185,7.166666667,6,2.666666667,5.5,1.1,2.444444444,230216 Plate 11 H2.raw,TF14,REI-E A TRI 13 160622,2.39,-5.74,4.75,41.76,Turf,REI-E A TRI 13 160622,A_tri_behaviour,East,13,Reiono_Exposed,300,-149.544033,-17.044907,2022/06/16 21:18:30+00,2022-06-16T21:18
Reiono,6/16/22,Exposed,East,301,27,REI_33,15,135,0.3,22.22222222,7.407407407,16.66666667,3,1.333333333,0.45,0.225,0.2,230216 Plate 11 A11.raw,TF13,REI-E A TRI 27 160622,4.91,-13.22,2.81,42.82,Turf,REI-E A TRI 27 160622,A_tri_behaviour,East,27,Reiono_Exposed,301,-149.543954,-17.04484,2022/06/16 21:27:16+00,2022-06-16T21:27
Reiono,6/16/22,Exposed,East,302,15,REI_34,16,180,0.25,7,1.75,5.25,4,1.333333333,0.75,0.25,0.25,230216 Plate 11 E6.raw,TF10,REI-E A TRI 15,5.42,-14.42,5.77,45.52,Turf,REI-E A TRI 15,A_tri_behaviour,East,15,Reiono_Exposed,302,-149.543864,-17.044859,2022/06/16 21:34:41+00,2022-06-16T21:34
Reiono,6/16/22,Exposed,East,303,23,REI_35,15,90,0.1,9.333333333,4.666666667,7,2,1.333333333,0.1,0.1,0.066666667,230216 Plate 11 E10.raw,TF2,REI-E A TRI 23 160622,3.2,-5.98,4.91,44.68,Turf,REI-E A TRI 23 160622,A_tri_behaviour,East,23,Reiono_Exposed,303,-149.543764,-17.044841,2022/06/16 21:40:04+00,2022-06-16T21:40
Reiono,6/16/22,Exposed,East,304,8,REI_36,14,180,NA,23.33333333,2.592592593,7.777777778,9,3,5.8,0.725,1.933333333,230217 Plate 12 D3.raw,TF9,REI-E A TRI 08 160622,2.15,-5.14,4.65,43.17,Turf,REI-E A TRI 08 160622,A_tri_behaviour,East,8,Reiono_Exposed,304,-149.543667,-17.044824,2022/06/16 21:46:04+00,2022-06-16T21:46
Reiono,6/16/22,Exposed,East,305,5,REI_37,15,186,NA,13.22580645,3.306451613,10.25,4,1.290322581,0.9,0.3,0.290322581,230216 Plate 11 A10.raw,TF11,REI-E A TRI 05 160622,3.25,-11.39,5.38,44.14,Turf,REI-E A TRI 05 160622,A_tri_behaviour,East,5,Reiono_Exposed,305,-149.54369,-17.04471,2022/06/16 22:00:42+00,2022-06-16T22:00
Reiono,6/16/22,Exposed,East,306,12,REI_38,16,180,3,48.66666667,4.866666667,14.6,10,3.333333333,5.5,0.611111111,1.833333333,230217 Plate 12 G4.raw,TF999c,REI-E A TRI? 160622,3.42,-11.3,4.04,44.82,Turf,REI-E A TRI? 160622,A_tri_behaviour,East,12,Reiono_Exposed,306,-149.543747,-17.044716,2022/06/16 22:07:31+00,2022-06-16T22:07
Rimatuu,6/12/22,Protected,West,240,6,RIM_01,13,180,16,6.666666667,3.333333333,10,2,0.666666667,16,16,5.333333333,230218 Plate 13 G4.raw,TF268,RIM A TRI 06 120622,4.07,-10.1,1.84,43.27,Turf,RIM A TRI 06 120622,A_tri_behaviour,West,6,Rimatuu_Protected,240,-149.560959,-17.029126,2022/06/12 21:37:57+00,2022-06-12T21:37
Rimatuu,6/12/22,Protected,West,241,21,RIM_02,16,180,NA,49.66666667,9.933333333,29.8,5,1.666666667,10.69,2.6725,3.563333333,230218 Plate 13 H2.raw,TF256,RIM A TRI 21 120622,1.37,-7.76,4.75,42.06,Turf,RIM A TRI 21 120622,A_tri_behaviour,West,21,Rimatuu_Protected,241,-149.560968,-17.029162,2022/06/12 21:45:57+00,2022-06-12T21:45
Rimatuu,6/12/22,Protected,West,242,19,RIM_03,17,60,0.3,10,5,5,2,2,0.3,0.3,0.3,230218 Plate 13 G1.raw,TF258,RIM ATRI 19 120622,3.01,-8.33,4.71,46.09,Turf,RIM ATRI 19 120622,A_tri_behaviour,West,19,Rimatuu_Protected,242,-149.561156,-17.029151,2022/06/12 21:51:02+00,2022-06-12T21:51
Rimatuu,6/12/22,Protected,West,243,3,RIM_04,16,180,NA,28.66666667,4.095238095,12.28571429,7,2.333333333,3.65,0.608333333,1.216666667,230218 Plate 13 F3.raw,TF263,RIM ATRI 03 120622,0.94,-6.37,4.81,43.16,Turf,RIM ATRI 03 120622,A_tri_behaviour,West,3,Rimatuu_Protected,243,-149.561302,-17.029152,2022/06/12 21:58:44+00,2022-06-12T21:58
Rimatuu,6/12/22,Protected,West,244,36,RIM_05,15,180,4,39.66666667,3.051282051,9.153846154,13,4.333333333,12.55,1.045833333,4.183333333,230219 Plate 14 D1.raw,TF260,RIM A TRI 36 120622,1.71,-6.94,3.83,41.69,Turf,RIM A TRI 36 120622,A_tri_behaviour,West,36,Rimatuu_Protected,244,-149.561312,-17.029283,2022/06/12 22:11:31+00,2022-06-12T22:11
Rimatuu,6/12/22,Protected,West,245,28,RIM_06,15,190,2,21.78947368,3.631578947,11.5,6,1.894736842,11.5,2.3,3.631578947,230219 Plate 14 E10.raw,TF264,RIM A TRI 28 120622,4.65,-14.16,2.54,43.02,Turf,RIM A TRI 28 120622,A_tri_behaviour,West,28,Rimatuu_Protected,245,-149.561381,-17.029297,2022/06/12 22:19:55+00,2022-06-12T22:19
Rimatuu,6/12/22,Protected,West,246,17,RIM_07,16,180,2,38,3.166666667,9.5,12,4,10.8,0.981818182,3.6,230219 Plate 14 E6.raw,TF254,RIM A TRI 17 120622,1.33,-6.35,4.29,43.29,Turf,RIM A TRI 17 120622,A_tri_behaviour,West,17,Rimatuu_Protected,246,-149.561476,-17.029412,2022/06/12 22:27:29+00,2022-06-12T22:27
Rimatuu,6/12/22,Protected,West,247,22,RIM_08,16,184,3,34.89130435,3.876811594,11.88888889,9,2.934782609,10.8,1.35,3.52173913,230219 Plate 14 C11.raw,TF269,RIM A TRI 22 120622,0.46,-5.28,3.72,41.87,Turf,RIM A TRI 22 120622,A_tri_behaviour,West,22,Rimatuu_Protected,247,-149.560823,-17.028677,2022/06/12 23:59:33+00,2022-06-12T23:59
Rimatuu,6/12/22,Protected,West,248,4,RIM_09,15,207,4,31.5942029,4.513457557,15.57142857,7,2.028985507,9.95,1.658333333,2.884057971,230218 Plate 13 H3.raw,TF262,RIM A TRI 04 120622,0.8,-6.95,4.88,42.9,Turf,RIM A TRI 04 120622,A_tri_behaviour,West,4,Rimatuu_Protected,248,-149.560921,-17.028594,2022/06/13 00:08:17+00,2022-06-13T00:08
Rimatuu,6/12/22,Protected,West,249,33,RIM_10,14,180,1,59.66666667,4.58974359,13.76923077,13,4.333333333,4.2,0.35,1.4,230219 Plate 14 B2.raw,TF266,RIM ATRI 33 120622,0.8,-6.27,4.64,43.31,Turf,RIM ATRI 33 120622,A_tri_behaviour,West,33,Rimatuu_Protected,249,-149.561073,-17.028505,2022/06/13 00:17:31+00,2022-06-13T00:17
Rimatuu,6/12/22,Protected,West,250,12,RIM_11,14,180,4,16,4,12,4,1.333333333,9.5,3.166666667,3.166666667,230219 Plate 14 A11.raw,TF261,RIM A TRI 12 120622,2.36,-8.34,3.33,42.62,Turf,RIM A TRI 12 120622,A_tri_behaviour,West,12,Rimatuu_Protected,250,-149.561214,-17.028569,2022/06/13 00:29:41+00,2022-06-13T00:29
Rimatuu,6/12/22,Protected,West,251,2,RIM_12,14,185,NA,18.81081081,2.687258687,8.285714286,7,2.27027027,5.5,0.916666667,1.783783784,230219 Plate 14 C5.raw,TF255,RIM A TRI 02 120622,1.86,-8.79,4.53,42.41,Turf,RIM A TRI 02 120622,A_tri_behaviour,West,2,Rimatuu_Protected,251,-149.561351,-17.028596,2022/06/13 00:40:08+00,2022-06-13T00:40
Rimatuu,6/12/22,Protected,West,252,26,RIM_13,13,180,1,11,2.2,6.6,5,1.666666667,5,1.25,1.666666667,230219 Plate 14 A9.raw,TF259,RIM-ATRI 26 120622,5.05,-15.41,5.43,44.45,Turf,RIM-ATRI 26 120622,A_tri_behaviour,West,26,Rimatuu_Protected,252,-149.561356,-17.028669,2022/06/13 00:48:58+00,2022-06-13T00:48
Rimatuu,6/12/22,Protected,West,253,8,RIM_14,15,190,11,29.36842105,2.669856459,8.454545455,11,3.473684211,12.25,1.225,3.868421053,230219 Plate 14 A6.raw,TF257,RIM A TRI 08 120622,0.99,-6.15,5,43.14,Turf,RIM A TRI 08 120622,A_tri_behaviour,West,8,Rimatuu_Protected,253,-149.561415,-17.02865,2022/06/13 00:58:43+00,2022-06-13T00:58
Rimatuu,6/12/22,Protected,West,254,13,RIM_15,16,182,2,70.54945055,10.07849294,30.57142857,7,2.307692308,1,1,0.32967033,230219 Plate 14 E4.raw,TF267,RIM A TRI 13 120622,4.41,-11.54,1.16,42.48,Turf,RIM A TRI 13 120622,A_tri_behaviour,West,13,Rimatuu_Protected,254,-149.561444,-17.028887,2022/06/13 01:10:02+00,2022-06-13T01:10
Rimatuu,6/12/22,Protected,West,255,5,RIM_16,13,180,2,10.66666667,2.666666667,8,4,1.333333333,6,2,2,230219 Plate 14 D2.raw,TF265,RIM A TRI 05 120622,1.62,-8.56,4.58,41.24,Turf,RIM A TRI 05 120622,A_tri_behaviour,West,5,Rimatuu_Protected,255,-149.561442,-17.028954,2022/06/13 01:20:32+00,2022-06-13T01:20
Rimatuu,6/21/22,Exposed,East,327,18,RIM_17,17,180,0.7,56.33333333,5.633333333,16.9,10,3.333333333,2.8,0.311111111,0.933333333,230216 Plate 11 G9.raw,TF42,RIM-E A TRI 18 210622,3.68,-10.1,4.26,40.75,Turf,RIM-E A TRI 18 210622,A_tri_behaviour,East,18,Rimatuu_Exposed,327,-149.555892,-17.033207,2022/06/21 20:26:37+00,2022-06-21T20:26
Rimatuu,6/21/22,Exposed,East,328,10,RIM_18,15,139,1.5,17.69784173,4.424460432,10.25,4,1.726618705,3.05,1.016666667,1.316546763,230216 Plate 11 C9.raw,TF47,RIM-E A TRI 10 210622,3.48,-9.08,3.04,30.8,Turf,RIM-E A TRI 10 210622,A_tri_behaviour,East,10,Rimatuu_Exposed,328,-149.555939,-17.033134,2022/06/21 20:34:01+00,2022-06-21T20:34
Rimatuu,6/21/22,Exposed,East,329,26,RIM_19,15,160,3,9.375,4.6875,12.5,2,0.75,3,3,1.125,230217 Plate 12 A5.raw,TF41,RIM-E A TRI 26 210622,3.7,-8.5,4.65,42.4,Turf,RIM-E A TRI 26 210622,A_tri_behaviour,East,26,Rimatuu_Exposed,329,-149.555732,-17.033083,2022/06/21 20:44:00+00,2022-06-21T20:44
Rimatuu,6/21/22,Exposed,East,330,3,RIM_20,16,180,0.65,49.66666667,4.515151515,13.54545455,11,3.666666667,2.35,0.235,0.783333333,230216 Plate 11 G1.raw,TF40,RIM-E A TRI 03,2.79,-6.67,3.58,33.82,Turf,RIM-E A TRI 03,A_tri_behaviour,East,3,Rimatuu_Exposed,330,-149.555683,-17.033027,2022/06/21 20:51:03+00,2022-06-21T20:51
Rimatuu,6/21/22,Exposed,East,331,22,RIM_21,16,183,0.8,34.09836066,3.409836066,10.4,10,3.278688525,3.05,0.338888889,1,230217 Plate 12 C4.raw,TF44,RIM-E A TRI 22 210622,5.12,-10.62,4.64,39.25,Turf,RIM-E A TRI 22 210622,A_tri_behaviour,East,22,Rimatuu_Exposed,331,-149.555649,-17.03307,2022/06/21 21:00:50+00,2022-06-21T21:00