,X,site,Fish_ID,Size,total_time_seconds_numeric,total_bites_per_minute,mean_bites_per_minute,mean_bites_per_foray,number_forays,forays_per_minute,sum_distance_between_forays,mean_distance_between_forays,sum_distance_between_forays_per_minute,Distance_end_start_m_formatted,N15,distance_to_shore_m,time_hms,time_hours,Group_Status,Group_2levels,Chases_during_observation,Binary_chases,Surgeonfish_binary_chases,Stegastes_binary_chases,mean_seabird_biomass_200m,mean_seabird_n_input,wave_energy_manual,mean_predator_biomass,mean_atri_biomass,mean_damsel_biomass,mean_turf_obs_adjusted,mean_structure,fish_n15,fish_n15_n,fish_n15_sd,hsi,hsi_n,hsi_sd,growth_resid,growth_resid_n,growth_resid_sd
1,1,Aie_south,AIE_01,17,130,60.46153846,15.11538462,32.75,4,1.846153846,5,1.666666667,2.307692308,1,1.48,60.15957696,13:18:00,13.3,always_alone,Alone,Acanthurus_triostegus,Yes,yes,no,107.442,117.2713816,5.467382557,32.95932117,11.19520772,17.4276513,15,2,8.38,5,0.487801189,1.283303114,5,1.040020503,0.01097289,5,0.030575646
2,2,Aie_south,AIE_02,15,155,33.29032258,4.161290323,10.75,8,3.096774194,7,1,2.709677419,1,2.87,64.58376195,13:25:00,13.41666667,always_alone,Alone,Stegastes,Yes,no,yes,107.442,117.2713816,5.467382557,32.95932117,11.19520772,17.4276513,15,2,8.38,5,0.487801189,1.283303114,5,1.040020503,0.01097289,5,0.030575646
3,3,Aie_south,AIE_03,14,102,16.47058824,8.235294118,14,2,1.176470588,1,1,0.588235294,1,2.12,83.06752755,13:35:00,13.58333333,always_alone,Alone,none,No,no,no,107.442,117.2713816,5.467382557,32.95932117,11.19520772,17.4276513,15,2,8.38,5,0.487801189,1.283303114,5,1.040020503,0.01097289,5,0.030575646
4,4,Aie_south,AIE_04,15,120,37,6.166666667,12.33333333,6,3,5,1,2.5,1,1.32,89.04436939,13:41:00,13.68333333,always_alone,Alone,none,No,no,no,107.442,117.2713816,5.467382557,32.95932117,11.19520772,17.4276513,15,2,8.38,5,0.487801189,1.283303114,5,1.040020503,0.01097289,5,0.030575646
5,5,Aie_south,AIE_05,17,71,40.56338028,8.112676056,9.6,5,4.225352113,4,1,3.38028169,1,1.75,92.43236764,13:48:00,13.8,always_group,Group,none,No,no,no,107.442,117.2713816,5.467382557,32.95932117,11.19520772,17.4276513,15,2,8.38,5,0.487801189,1.283303114,5,1.040020503,0.01097289,5,0.030575646
6,6,Aie_south,AIE_06,17,150,63.2,10.53333333,26.33333333,6,2.4,3,0.6,1.2,2,2.26,94.42503845,13:55:00,13.91666667,always_alone,Alone,none,No,no,no,107.442,117.2713816,5.467382557,32.95932117,11.19520772,17.4276513,15,2,8.38,5,0.487801189,1.283303114,5,1.040020503,0.01097289,5,0.030575646
7,7,Aie_south,AIE_07,16,94,51.06382979,12.76595745,20,4,2.553191489,4,1.333333333,2.553191489,3,3,104.6196203,14:04:00,14.06666667,always_alone,Alone,none,No,no,no,107.442,117.2713816,5.467382557,32.95932117,11.19520772,17.4276513,15,2,8.38,5,0.487801189,1.283303114,5,1.040020503,0.01097289,5,0.030575646
8,8,Aie_south,AIE_08,17,196,78.97959184,7.897959184,25.8,10,3.06122449,7,0.777777778,2.142857143,0,1.34,129.4443695,14:11:00,14.18333333,always_alone,Alone,none,No,no,no,107.442,117.2713816,5.467382557,32.95932117,11.19520772,17.4276513,15,2,8.38,5,0.487801189,1.283303114,5,1.040020503,0.01097289,5,0.030575646
9,9,Aie_south,AIE_09,14,120,69,8.625,17.25,8,4,5.5,0.785714286,2.75,2,1.79,133.1057334,14:25:00,14.41666667,NA,NA,none,No,no,no,107.442,117.2713816,5.467382557,32.95932117,11.19520772,17.4276513,15,2,8.38,5,0.487801189,1.283303114,5,1.040020503,0.01097289,5,0.030575646
10,10,Aie_south,AIE_10,17,143,53.70629371,7.672327672,18.28571429,7,2.937062937,6,1,2.517482517,1,2.17,142.1770233,14:35:00,14.58333333,NA,NA,none,No,no,no,107.442,117.2713816,5.467382557,32.95932117,11.19520772,17.4276513,15,2,8.38,5,0.487801189,1.283303114,5,1.040020503,0.01097289,5,0.030575646
11,11,Aie_south,AIE_11,13,185,21.40540541,2.140540541,6.6,10,3.243243243,4.6,0.511111111,1.491891892,2,2.57,116.9287831,14:45:00,14.75,always_alone,Alone,Mult_spp_stegastes_atri,Yes,yes,yes,107.442,117.2713816,5.467382557,32.95932117,11.19520772,17.4276513,15,2,8.38,5,0.487801189,1.283303114,5,1.040020503,0.01097289,5,0.030575646
12,12,Aie_south,AIE_12,13,90,31.33333333,6.266666667,9.4,5,3.333333333,0,0,0,0,2.07,94.04715962,14:55:00,14.91666667,always_alone,Alone,none,No,no,no,107.442,117.2713816,5.467382557,32.95932117,11.19520772,17.4276513,15,2,8.38,5,0.487801189,1.283303114,5,1.040020503,0.01097289,5,0.030575646
13,13,Aie_south,AIE_13,14,56,58.92857143,19.64285714,18.33333333,3,3.214285714,0.9,0.45,0.964285714,0.9,3.98,85.82403707,15:02:00,15.03333333,always_alone,Alone,none,No,no,no,107.442,117.2713816,5.467382557,32.95932117,11.19520772,17.4276513,15,2,8.38,5,0.487801189,1.283303114,5,1.040020503,0.01097289,5,0.030575646
14,14,Aie_south,AIE_15,16,156,36.15384615,3.615384615,9.4,10,3.846153846,3,0.333333333,1.153846154,0,1.48,58.55001287,15:24:00,15.4,always_alone,Alone,Acanthurus_triostegus,Yes,yes,no,107.442,117.2713816,5.467382557,32.95932117,11.19520772,17.4276513,15,2,8.38,5,0.487801189,1.283303114,5,1.040020503,0.01097289,5,0.030575646
15,15,Aie_south,AIE_16,17,67,24.17910448,4.835820896,5.4,5,4.47761194,1.5,0.375,1.343283582,1,2.56,52.68267755,15:30:00,15.5,always_alone,Alone,none,No,no,no,107.442,117.2713816,5.467382557,32.95932117,11.19520772,17.4276513,15,2,8.38,5,0.487801189,1.283303114,5,1.040020503,0.01097289,5,0.030575646
16,16,Aie_north,AIE_17,13,180,45,5,15,9,3,11.05,1.38125,3.683333333,8,1.59,45.86019972,12:52:00,12.86666667,always_alone,Alone,Mult_spp_stegastes_parrot,Yes,no,yes,199.614,173.0217415,2.904596281,26.1974965,27.4681985,6.331165991,19.16666667,2.25,8.206,5,0.532099615,0.96611699,5,0.295702417,-0.058508683,5,0.045259308
17,17,Aie_north,AIE_18,14,180,18,3,9,6,2,0.1,0.02,0.033333333,0.1,3.27,53.64723863,13:01:00,13.01666667,mixed_alone_group,Group,none,No,no,no,199.614,173.0217415,2.904596281,26.1974965,27.4681985,6.331165991,19.16666667,2.25,8.206,5,0.532099615,0.96611699,5,0.295702417,-0.058508683,5,0.045259308
18,18,Aie_north,AIE_19,15,180,24,4,12,6,2,5.5,1.1,1.833333333,0,1.72,56.31764522,13:12:00,13.2,always_alone,Alone,none,No,no,no,199.614,173.0217415,2.904596281,26.1974965,27.4681985,6.331165991,19.16666667,2.25,8.206,5,0.532099615,0.96611699,5,0.295702417,-0.058508683,5,0.045259308
19,19,Aie_north,AIE_20,15,180,20.66666667,5.166666667,15.5,4,1.333333333,3,1,1,3,1.35,73.12211903,13:26:00,13.43333333,mixed_alone_group,Group,none,No,no,no,199.614,173.0217415,2.904596281,26.1974965,27.4681985,6.331165991,19.16666667,2.25,8.206,5,0.532099615,0.96611699,5,0.295702417,-0.058508683,5,0.045259308
20,20,Aie_north,AIE_21,15,110,48,16,29.33333333,3,1.636363636,0.4,0.2,0.218181818,0.4,1.15,76.98679948,13:31:00,13.51666667,mixed_alone_group,Group,Acanthurus_triostegus,Yes,yes,no,199.614,173.0217415,2.904596281,26.1974965,27.4681985,6.331165991,19.16666667,2.25,8.206,5,0.532099615,0.96611699,5,0.295702417,-0.058508683,5,0.045259308
21,21,Aie_north,AIE_22,16,185,60.97297297,5.081081081,15.66666667,12,3.891891892,3.3,0.3,1.07027027,0.3,2.26,83.27612291,13:37:00,13.61666667,always_alone,Alone,none,No,no,no,199.614,173.0217415,2.904596281,26.1974965,27.4681985,6.331165991,19.16666667,2.25,8.206,5,0.532099615,0.96611699,5,0.295702417,-0.058508683,5,0.045259308
22,22,Aie_north,AIE_23,16,181,56.68508287,6.298342541,19,9,2.983425414,7.2,0.9,2.386740331,1.5,1.41,98.91199358,13:48:00,13.8,mixed_alone_group,Group,Stegastes,Yes,no,yes,199.614,173.0217415,2.904596281,26.1974965,27.4681985,6.331165991,19.16666667,2.25,8.206,5,0.532099615,0.96611699,5,0.295702417,-0.058508683,5,0.045259308
23,23,Aie_north,AIE_24,14,82,25.6097561,6.402439024,8.75,4,2.926829268,1.7,0.566666667,1.243902439,1,2.18,99.99197824,13:56:00,13.93333333,always_alone,Alone,none,No,no,no,199.614,173.0217415,2.904596281,26.1974965,27.4681985,6.331165991,19.16666667,2.25,8.206,5,0.532099615,0.96611699,5,0.295702417,-0.058508683,5,0.045259308
24,24,Aie_north,AIE_25,17,180,63.66666667,10.61111111,31.83333333,6,2,2.1,0.42,0.7,0.8,0.95,110.5501259,14:03:00,14.05,always_alone,Alone,none,No,no,no,199.614,173.0217415,2.904596281,26.1974965,27.4681985,6.331165991,19.16666667,2.25,8.206,5,0.532099615,0.96611699,5,0.295702417,-0.058508683,5,0.045259308
25,25,Aie_north,AIE_26,16,202,54.95049505,4.99549955,16.81818182,11,3.267326733,4.6,0.46,1.366336634,1,1.19,111.1580449,14:12:00,14.2,mixed_alone_group,Group,none,No,no,no,199.614,173.0217415,2.904596281,26.1974965,27.4681985,6.331165991,19.16666667,2.25,8.206,5,0.532099615,0.96611699,5,0.295702417,-0.058508683,5,0.045259308
26,26,Aie_north,AIE_27,14,180,7,1.75,5.25,4,1.333333333,10.7,3.566666667,3.566666667,10,1.16,96.3800497,14:19:00,14.31666667,always_alone,Alone,none,No,no,no,199.614,173.0217415,2.904596281,26.1974965,27.4681985,6.331165991,19.16666667,2.25,8.206,5,0.532099615,0.96611699,5,0.295702417,-0.058508683,5,0.045259308
27,27,Aie_north,AIE_28,15,186,27.09677419,4.516129032,14,6,1.935483871,10.5,2.1,3.387096774,2.5,1.64,87.65161496,14:27:00,14.45,mixed_alone_group,Group,none,No,no,no,199.614,173.0217415,2.904596281,26.1974965,27.4681985,6.331165991,19.16666667,2.25,8.206,5,0.532099615,0.96611699,5,0.295702417,-0.058508683,5,0.045259308
28,28,Aie_north,AIE_29,14,180,18,3,9,6,2,10,2,3.333333333,2,1.39,62.96279001,14:35:00,14.58333333,always_group,Group,none,No,no,no,199.614,173.0217415,2.904596281,26.1974965,27.4681985,6.331165991,19.16666667,2.25,8.206,5,0.532099615,0.96611699,5,0.295702417,-0.058508683,5,0.045259308
29,29,Aie_north,AIE_30,13,185,38.59459459,7.718918919,23.8,5,1.621621622,2.6,0.65,0.843243243,5,1.07,61.48518145,14:42:00,14.7,NA,NA,Mult_spp_stegastes_surgeon,Yes,yes,yes,199.614,173.0217415,2.904596281,26.1974965,27.4681985,6.331165991,19.16666667,2.25,8.206,5,0.532099615,0.96611699,5,0.295702417,-0.058508683,5,0.045259308
30,30,Hir_Aur_hoa,HOA_01,18,164,13.90243902,2.317073171,6.333333333,6,2.195121951,3.3,0.66,1.207317073,3,4.45,74.628769,14:33:00,14.55,always_alone,Alone,Stegastes,Yes,no,yes,475.5833334,388.8613251,2.120539423,22.48373223,10.98435435,24.07181105,5,2.5,10.17636364,11,2.214011169,0.589727654,11,0.207925756,-0.007001978,11,0.050695276
31,31,Hir_Aur_hoa,HOA_02,16,180,16.66666667,5.555555556,16.66666667,3,1,0,0,0,0,2.42,56.52887572,14:46:00,14.76666667,always_group,Group,none,No,no,no,475.5833334,388.8613251,2.120539423,22.48373223,10.98435435,24.07181105,5,2.5,10.17636364,11,2.214011169,0.589727654,11,0.207925756,-0.007001978,11,0.050695276
32,32,Hiranae_lagoon,HIR_03,15,180,22.33333333,4.466666667,13.4,5,1.666666667,34,8.5,11.33333333,4,3.63,67.37211217,9:45:00,9.75,always_group,Group,Stegastes,Yes,no,yes,225.875,184.6869847,17.90992883,0,11.10682601,7.232369444,11.66666667,1.875,10.16,1,NA,NA,1,NA,-0.070218435,1,NA
33,33,Hiranae_lagoon,HIR_04,13,180,18,3.6,10.8,5,1.666666667,17,4.25,5.666666667,unk,3.77,70.74188725,9:51:00,9.85,always_alone,Alone,none,No,no,no,225.875,184.6869847,17.90992883,0,11.10682601,7.232369444,11.66666667,1.875,10.16,1,NA,NA,1,NA,-0.070218435,1,NA
34,34,Hiranae_lagoon,HIR_05,18,180,4.333333333,1.083333333,3.25,4,1.333333333,1.5,0.5,0.5,unk,5.8,71.88483127,9:58:00,9.966666667,always_group,Group,none,No,no,no,225.875,184.6869847,17.90992883,0,11.10682601,7.232369444,11.66666667,1.875,10.16,1,NA,NA,1,NA,-0.070218435,1,NA
35,35,Hiranae_lagoon,HIR_06,12,180,5.333333333,1.333333333,4,4,1.333333333,1.5,0.5,0.5,0.5,6.71,68.14714359,10:13:00,10.21666667,mixed_alone_group,Group,none,No,no,no,225.875,184.6869847,17.90992883,0,11.10682601,7.232369444,11.66666667,1.875,10.16,1,NA,NA,1,NA,-0.070218435,1,NA
36,36,Hiranae_lagoon,HIR_07,12,180,11,5.5,16.5,2,0.666666667,0.1,0.1,0.033333333,0.1,4.65,61.13328441,10:29:00,10.48333333,always_group,Group,none,No,no,no,225.875,184.6869847,17.90992883,0,11.10682601,7.232369444,11.66666667,1.875,10.16,1,NA,NA,1,NA,-0.070218435,1,NA
37,37,Hiranae_lagoon,HIR_08,12,180,5.333333333,0.888888889,2.666666667,6,2,8.5,1.7,2.833333333,3,7.08,49.84539873,10:38:00,10.63333333,mixed_alone_group,Group,none,No,no,no,225.875,184.6869847,17.90992883,0,11.10682601,7.232369444,11.66666667,1.875,10.16,1,NA,NA,1,NA,-0.070218435,1,NA
38,38,Hiranae_lagoon,HIR_09,13,180,4.333333333,1.444444444,4.333333333,3,1,8,4,2.666666667,6,6.33,45.35507397,11:02:00,11.03333333,mixed_alone_group,Group,none,No,no,no,225.875,184.6869847,17.90992883,0,11.10682601,7.232369444,11.66666667,1.875,10.16,1,NA,NA,1,NA,-0.070218435,1,NA
39,39,Hiranae_lagoon,HIR_10,19,180,5,2.5,7.5,2,0.666666667,0.5,0.5,0.166666667,0.5,6.38,43.47800377,11:08:00,11.13333333,always_group,Group,none,No,no,no,225.875,184.6869847,17.90992883,0,11.10682601,7.232369444,11.66666667,1.875,10.16,1,NA,NA,1,NA,-0.070218435,1,NA
40,40,Hiranae_lagoon,HIR_11,11,192,0.625,0.625,2,1,0.3125,0,NA,0,20,7.04,48.61526282,11:25:00,11.41666667,NA,NA,none,No,no,no,225.875,184.6869847,17.90992883,0,11.10682601,7.232369444,11.66666667,1.875,10.16,1,NA,NA,1,NA,-0.070218435,1,NA
41,41,Hiranae_lagoon,HIR_01,13,240,10.25,1.708333333,6.833333333,6,1.5,16.1,3.22,4.025,10,6.47,NA,9:10:00,9.166666667,mixed_alone_group,Group,Acanthurus_triostegus,Yes,yes,no,225.875,184.6869847,17.90992883,0,11.10682601,7.232369444,11.66666667,1.875,10.16,1,NA,NA,1,NA,-0.070218435,1,NA
42,42,Hiranae_lagoon,HIR_02,11,180,6,3,9,2,0.666666667,0.05,0.05,0.016666667,0.05,7.42,NA,9:38:00,9.633333333,mixed_alone_group,Group,Stegastes,Yes,no,yes,225.875,184.6869847,17.90992883,0,11.10682601,7.232369444,11.66666667,1.875,10.16,1,NA,NA,1,NA,-0.070218435,1,NA
43,43,Reiono_west,REI_07,16,221,21.71945701,10.85972851,40,2,0.542986425,10,10,2.714932127,10,3.63,44.75445155,12:23:00,12.38333333,always_group,Group,Acanthurus_triostegus,Yes,yes,no,211.14,174.1440771,1.750700377,27.73675708,25.40635316,20.91427638,25.41666667,1.5,NA,NA,NA,NA,NA,NA,NA,NA,NA
44,44,Reiono_west,REI_08,14,180,34,4.25,12.75,8,2.666666667,15,2.142857143,5,1,2.81,48.00424238,12:30:00,12.5,always_alone,Alone,none,No,no,no,211.14,174.1440771,1.750700377,27.73675708,25.40635316,20.91427638,25.41666667,1.5,NA,NA,NA,NA,NA,NA,NA,NA,NA
45,45,Reiono_west,REI_09,17,180,36,3.6,10.8,10,3.333333333,9.2,1.022222222,3.066666667,0.3,3.17,53.1969556,12:39:00,12.65,always_alone,Alone,Other_surgeonfish,Yes,yes,no,211.14,174.1440771,1.750700377,27.73675708,25.40635316,20.91427638,25.41666667,1.5,NA,NA,NA,NA,NA,NA,NA,NA,NA
46,46,Reiono_west,REI_10,14,184,65.2173913,4.658385093,14.28571429,14,4.565217391,7.9,0.607692308,2.576086957,0.75,2.44,55.92479655,12:48:00,12.8,always_alone,Alone,Other_surgeonfish,Yes,yes,no,211.14,174.1440771,1.750700377,27.73675708,25.40635316,20.91427638,25.41666667,1.5,NA,NA,NA,NA,NA,NA,NA,NA,NA
47,47,Reiono_west,REI_11,16,151,14.30463576,2.38410596,6,6,2.38410596,4.7,0.94,1.867549669,0,3.16,62.30498052,13:00:00,13,mixed_alone_group,Group,none,No,no,no,211.14,174.1440771,1.750700377,27.73675708,25.40635316,20.91427638,25.41666667,1.5,NA,NA,NA,NA,NA,NA,NA,NA,NA
48,48,Reiono_west,REI_12,14,180,36.66666667,4.074074074,12.22222222,9,3,9.05,1.13125,3.016666667,unk,1.94,67.14621837,13:09:00,13.15,always_alone,Alone,Mult_spp_stegastes_surgeon,Yes,yes,yes,211.14,174.1440771,1.750700377,27.73675708,25.40635316,20.91427638,25.41666667,1.5,NA,NA,NA,NA,NA,NA,NA,NA,NA
49,49,Reiono_west,REI_13,15,222,10.27027027,5.135135135,19,2,0.540540541,0.7,0.7,0.189189189,0.7,1.47,79.96607439,13:22:00,13.36666667,always_alone,Alone,Other_Acanthurus,Yes,yes,no,211.14,174.1440771,1.750700377,27.73675708,25.40635316,20.91427638,25.41666667,1.5,NA,NA,NA,NA,NA,NA,NA,NA,NA
50,50,Reiono_west,REI_14,14,188,42.12765957,5.265957447,16.5,8,2.553191489,3,0.428571429,0.957446809,2.5,1.93,93.83331623,13:34:00,13.56666667,always_alone,Alone,none,No,no,no,211.14,174.1440771,1.750700377,27.73675708,25.40635316,20.91427638,25.41666667,1.5,NA,NA,NA,NA,NA,NA,NA,NA,NA
51,51,Reiono_west,REI_15,15,180,22.33333333,2.481481481,7.444444444,9,3,9.9,1.2375,3.3,0.5,2.3,96.03611634,13:45:00,13.75,always_alone,Alone,none,No,no,no,211.14,174.1440771,1.750700377,27.73675708,25.40635316,20.91427638,25.41666667,1.5,NA,NA,NA,NA,NA,NA,NA,NA,NA
52,52,Reiono_west,REI_16,14,180,20,10,30,2,0.666666667,0.05,0.05,0.016666667,0.05,3.77,54.73451724,13:55:00,13.91666667,always_alone,Alone,none,No,no,no,211.14,174.1440771,1.750700377,27.73675708,25.40635316,20.91427638,25.41666667,1.5,NA,NA,NA,NA,NA,NA,NA,NA,NA
53,53,Reiono_west,REI_17,15,68,59.11764706,8.445378151,9.571428571,7,6.176470588,0.7,0.116666667,0.617647059,0.5,2.38,51.91631833,14:00:00,14,always_group,Group,none,No,no,no,211.14,174.1440771,1.750700377,27.73675708,25.40635316,20.91427638,25.41666667,1.5,NA,NA,NA,NA,NA,NA,NA,NA,NA
54,54,Reiono_west,REI_18,16,120,18.5,6.166666667,12.33333333,3,1.5,1.5,0.75,0.75,1.5,1.91,55.76070561,14:06:00,14.1,always_alone,Alone,none,No,no,no,211.14,174.1440771,1.750700377,27.73675708,25.40635316,20.91427638,25.41666667,1.5,NA,NA,NA,NA,NA,NA,NA,NA,NA
55,55,Reiono_west,REI_19,14,180,24.66666667,2.466666667,7.4,10,3.333333333,3.55,0.394444444,1.183333333,0.3,1.41,54.09053486,14:14:00,14.23333333,always_alone,Alone,Stegastes,Yes,no,yes,211.14,174.1440771,1.750700377,27.73675708,25.40635316,20.91427638,25.41666667,1.5,NA,NA,NA,NA,NA,NA,NA,NA,NA
56,56,Reiono_west,REI_20,17,190,6,2,6.333333333,3,0.947368421,5,2.5,1.578947368,4.5,3.65,58.92857041,14:26:00,14.43333333,always_group,Group,none,No,no,no,211.14,174.1440771,1.750700377,27.73675708,25.40635316,20.91427638,25.41666667,1.5,NA,NA,NA,NA,NA,NA,NA,NA,NA
57,57,Reiono_west,REI_21,14,180,37,6.166666667,18.5,6,2,10,2,3.333333333,2,2.45,40.76545492,14:40:00,14.66666667,always_alone,Alone,none,No,no,no,211.14,174.1440771,1.750700377,27.73675708,25.40635316,20.91427638,25.41666667,1.5,NA,NA,NA,NA,NA,NA,NA,NA,NA
58,58,Reiono_west,REI_22,15,180,39.66666667,9.916666667,29.75,4,1.333333333,3.4,1.133333333,1.133333333,3,3,40.99070007,14:50:00,14.83333333,always_alone,Alone,none,No,no,no,211.14,174.1440771,1.750700377,27.73675708,25.40635316,20.91427638,25.41666667,1.5,NA,NA,NA,NA,NA,NA,NA,NA,NA
59,59,Reiono_west,REI_23,15,193,69.32642487,6.932642487,22.3,10,3.10880829,7.65,0.85,2.378238342,1.5,3.35,44.48483493,14:56:00,14.93333333,always_alone,Alone,Stegastes,Yes,no,yes,211.14,174.1440771,1.750700377,27.73675708,25.40635316,20.91427638,25.41666667,1.5,NA,NA,NA,NA,NA,NA,NA,NA,NA
60,60,Reiono_east,REI_24,16,138,4.782608696,2.391304348,5.5,2,0.869565217,0.45,0.45,0.195652174,10,1.58,73.16830513,9:49:00,9.816666667,mixed_alone_group,Group,Mult_spp_stegastes_surgeon,Yes,yes,yes,96.252,79.3843707,5.632630891,0,1.259320326,7.242708899,34.58333333,1.875,10.41,6,3.323973526,0.788656821,6,0.250213388,-0.001997198,6,0.055361944
61,61,Reiono_east,REI_25,17,210,13.71428571,4.571428571,16,3,0.857142857,8.3,4.15,2.371428571,8,1.66,84.05275303,9:54:00,9.9,mixed_alone_group,Group,none,No,no,no,96.252,79.3843707,5.632630891,0,1.259320326,7.242708899,34.58333333,1.875,10.41,6,3.323973526,0.788656821,6,0.250213388,-0.001997198,6,0.055361944
62,62,Reiono_east,REI_26,14,166,33.97590361,5.662650602,15.66666667,6,2.168674699,5.55,1.11,2.006024096,4,2.45,93.55761411,10:05:00,10.08333333,always_group,Group,Stegastes,Yes,no,yes,96.252,79.3843707,5.632630891,0,1.259320326,7.242708899,34.58333333,1.875,10.41,6,3.323973526,0.788656821,6,0.250213388,-0.001997198,6,0.055361944
63,63,Reiono_east,REI_27,15,150,14.4,2.88,7.2,5,2,3.4,0.85,1.36,0.4,1.25,100.0047358,10:12:00,10.2,mixed_alone_group,Group,none,No,no,no,96.252,79.3843707,5.632630891,0,1.259320326,7.242708899,34.58333333,1.875,10.41,6,3.323973526,0.788656821,6,0.250213388,-0.001997198,6,0.055361944
64,64,Reiono_east,REI_28,16,180,20.33333333,4.066666667,12.2,5,1.666666667,1.2,0.3,0.4,0.6,3.84,98.53787249,10:21:00,10.35,NA,NA,none,No,no,no,96.252,79.3843707,5.632630891,0,1.259320326,7.242708899,34.58333333,1.875,10.41,6,3.323973526,0.788656821,6,0.250213388,-0.001997198,6,0.055361944
65,65,Reiono_east,REI_29,15,180,27,3,9,9,3,3.35,0.41875,1.116666667,1,1.56,99.39766153,10:28:00,10.46666667,NA,NA,none,No,no,no,96.252,79.3843707,5.632630891,0,1.259320326,7.242708899,34.58333333,1.875,10.41,6,3.323973526,0.788656821,6,0.250213388,-0.001997198,6,0.055361944
66,66,Reiono_east,REI_30,14,193,24.24870466,3.464100666,11.14285714,7,2.176165803,5.85,0.975,1.81865285,4,1.28,109.9024638,10:35:00,10.58333333,always_group,Group,Stegastes,Yes,no,yes,96.252,79.3843707,5.632630891,0,1.259320326,7.242708899,34.58333333,1.875,10.41,6,3.323973526,0.788656821,6,0.250213388,-0.001997198,6,0.055361944
67,67,Reiono_east,REI_31,16,150,22,4.4,11,5,2,1,0.25,0.4,0.4,4.67,40.17400209,11:08:00,11.13333333,always_alone,Alone,none,No,no,no,96.252,79.3843707,5.632630891,0,1.259320326,7.242708899,34.58333333,1.875,10.41,6,3.323973526,0.788656821,6,0.250213388,-0.001997198,6,0.055361944
68,68,Reiono_east,REI_32,17,135,19.11111111,3.185185185,7.166666667,6,2.666666667,5.5,1.1,2.444444444,5,2.39,42.84582431,11:13:00,11.21666667,mixed_alone_group,Group,none,No,no,no,96.252,79.3843707,5.632630891,0,1.259320326,7.242708899,34.58333333,1.875,10.41,6,3.323973526,0.788656821,6,0.250213388,-0.001997198,6,0.055361944
69,69,Reiono_east,REI_33,15,135,22.22222222,7.407407407,16.66666667,3,1.333333333,0.45,0.225,0.2,0.3,4.91,53.38186385,11:22:00,11.36666667,always_alone,Alone,none,No,no,no,96.252,79.3843707,5.632630891,0,1.259320326,7.242708899,34.58333333,1.875,10.41,6,3.323973526,0.788656821,6,0.250213388,-0.001997198,6,0.055361944
70,70,Reiono_east,REI_34,16,180,7,1.75,5.25,4,1.333333333,0.75,0.25,0.25,0.25,5.42,61.54742073,11:29:00,11.48333333,mixed_alone_group,Group,Other_surgeonfish,Yes,yes,no,96.252,79.3843707,5.632630891,0,1.259320326,7.242708899,34.58333333,1.875,10.41,6,3.323973526,0.788656821,6,0.250213388,-0.001997198,6,0.055361944
71,71,Reiono_east,REI_35,15,90,9.333333333,4.666666667,7,2,1.333333333,0.1,0.1,0.066666667,0.1,3.2,72.19471753,11:35:00,11.58333333,always_alone,Alone,none,No,no,no,96.252,79.3843707,5.632630891,0,1.259320326,7.242708899,34.58333333,1.875,10.41,6,3.323973526,0.788656821,6,0.250213388,-0.001997198,6,0.055361944
72,72,Reiono_east,REI_36,14,180,23.33333333,2.592592593,7.777777778,9,3,5.8,0.725,1.933333333,unk,2.15,82.50404391,11:41:00,11.68333333,always_alone,Alone,none,No,no,no,96.252,79.3843707,5.632630891,0,1.259320326,7.242708899,34.58333333,1.875,10.41,6,3.323973526,0.788656821,6,0.250213388,-0.001997198,6,0.055361944
73,73,Reiono_east,REI_37,15,186,13.22580645,3.306451613,10.25,4,1.290322581,0.9,0.3,0.290322581,7,3.25,84.81111605,11:56:00,11.93333333,always_alone,Alone,none,No,no,no,96.252,79.3843707,5.632630891,0,1.259320326,7.242708899,34.58333333,1.875,10.41,6,3.323973526,0.788656821,6,0.250213388,-0.001997198,6,0.055361944
74,74,Reiono_east,REI_38,16,180,48.66666667,4.866666667,14.6,10,3.333333333,5.5,0.611111111,1.833333333,3,3.42,78.91365298,12:02:00,12.03333333,always_alone,Alone,none,No,no,no,96.252,79.3843707,5.632630891,0,1.259320326,7.242708899,34.58333333,1.875,10.41,6,3.323973526,0.788656821,6,0.250213388,-0.001997198,6,0.055361944
75,75,Rimatuu_west,RIM_01,13,180,6.666666667,3.333333333,10,2,0.666666667,16,16,5.333333333,16,4.07,60.10511029,11:30:00,11.5,mixed_alone_group,Group,Acanthurus_triostegus,Yes,yes,no,3.15,4.726280787,2.451491321,47.13617337,5.202004637,24.54290178,27.91666667,3,7.258333333,6,0.229992754,0.637180778,6,0.246784314,-0.035107843,6,0.027523106
76,76,Rimatuu_west,RIM_02,16,180,49.66666667,9.933333333,29.8,5,1.666666667,10.69,2.6725,3.563333333,1,1.37,60.891012,11:40:00,11.66666667,always_alone,Alone,none,No,no,no,3.15,4.726280787,2.451491321,47.13617337,5.202004637,24.54290178,27.91666667,3,7.258333333,6,0.229992754,0.637180778,6,0.246784314,-0.035107843,6,0.027523106
77,77,Rimatuu_west,RIM_03,17,60,10,5,5,2,2,0.3,0.3,0.3,0.3,3.01,80.93555392,11:48:00,11.8,always_alone,Alone,none,No,no,no,3.15,4.726280787,2.451491321,47.13617337,5.202004637,24.54290178,27.91666667,3,7.258333333,6,0.229992754,0.637180778,6,0.246784314,-0.035107843,6,0.027523106
78,78,Rimatuu_west,RIM_04,16,180,28.66666667,4.095238095,12.28571429,7,2.333333333,3.65,0.608333333,1.216666667,unk,0.94,96.45667901,11:53:00,11.88333333,always_alone,Alone,none,No,no,no,3.15,4.726280787,2.451491321,47.13617337,5.202004637,24.54290178,27.91666667,3,7.258333333,6,0.229992754,0.637180778,6,0.246784314,-0.035107843,6,0.027523106
79,79,Rimatuu_west,RIM_05,15,180,39.66666667,3.051282051,9.153846154,13,4.333333333,12.55,1.045833333,4.183333333,4,1.71,96.89719897,12:05:00,12.08333333,always_alone,Alone,none,No,no,no,3.15,4.726280787,2.451491321,47.13617337,5.202004637,24.54290178,27.91666667,3,7.258333333,6,0.229992754,0.637180778,6,0.246784314,-0.035107843,6,0.027523106
80,80,Rimatuu_west,RIM_06,15,190,21.78947368,3.631578947,11.5,6,1.894736842,11.5,2.3,3.631578947,2,4.65,104.1681953,12:14:00,12.23333333,always_alone,Alone,none,No,no,no,3.15,4.726280787,2.451491321,47.13617337,5.202004637,24.54290178,27.91666667,3,7.258333333,6,0.229992754,0.637180778,6,0.246784314,-0.035107843,6,0.027523106
81,81,Rimatuu_west,RIM_07,16,180,38,3.166666667,9.5,12,4,10.8,0.981818182,3.6,2,1.33,113.7238054,12:21:00,12.35,mixed_alone_group,Group,none,No,no,no,3.15,4.726280787,2.451491321,47.13617337,5.202004637,24.54290178,27.91666667,3,7.258333333,6,0.229992754,0.637180778,6,0.246784314,-0.035107843,6,0.027523106
82,82,Rimatuu_west,RIM_08,16,184,34.89130435,3.876811594,11.88888889,9,2.934782609,10.8,1.35,3.52173913,3,0.46,46.46287789,13:53:00,13.88333333,always_alone,Alone,none,No,no,no,3.15,4.726280787,2.451491321,47.13617337,5.202004637,24.54290178,27.91666667,3,7.258333333,6,0.229992754,0.637180778,6,0.246784314,-0.035107843,6,0.027523106
83,83,Rimatuu_west,RIM_09,15,207,31.5942029,4.513457557,15.57142857,7,2.028985507,9.95,1.658333333,2.884057971,4,0.8,55.58975067,14:01:00,14.01666667,always_alone,Alone,Other_surgeonfish,Yes,yes,no,3.15,4.726280787,2.451491321,47.13617337,5.202004637,24.54290178,27.91666667,3,7.258333333,6,0.229992754,0.637180778,6,0.246784314,-0.035107843,6,0.027523106
84,84,Rimatuu_west,RIM_10,14,180,59.66666667,4.58974359,13.76923077,13,4.333333333,4.2,0.35,1.4,1,0.8,70.32678214,14:18:00,14.3,always_alone,Alone,Acanthurus_triostegus,Yes,yes,no,3.15,4.726280787,2.451491321,47.13617337,5.202004637,24.54290178,27.91666667,3,7.258333333,6,0.229992754,0.637180778,6,0.246784314,-0.035107843,6,0.027523106
85,85,Rimatuu_west,RIM_11,14,180,16,4,12,4,1.333333333,9.5,3.166666667,3.166666667,4,2.36,86.14057111,14:23:00,14.38333333,mixed_alone_group,Group,Stegastes,Yes,no,yes,3.15,4.726280787,2.451491321,47.13617337,5.202004637,24.54290178,27.91666667,3,7.258333333,6,0.229992754,0.637180778,6,0.246784314,-0.035107843,6,0.027523106
86,86,Rimatuu_west,RIM_12,14,185,18.81081081,2.687258687,8.285714286,7,2.27027027,5.5,0.916666667,1.783783784,unk,1.86,100.9911863,14:35:00,14.58333333,always_alone,Alone,none,No,no,no,3.15,4.726280787,2.451491321,47.13617337,5.202004637,24.54290178,27.91666667,3,7.258333333,6,0.229992754,0.637180778,6,0.246784314,-0.035107843,6,0.027523106
87,87,Rimatuu_west,RIM_13,13,180,11,2.2,6.6,5,1.666666667,5,1.25,1.666666667,1,5.05,102.5862855,14:43:00,14.71666667,always_alone,Alone,none,No,no,no,3.15,4.726280787,2.451491321,47.13617337,5.202004637,24.54290178,27.91666667,3,7.258333333,6,0.229992754,0.637180778,6,0.246784314,-0.035107843,6,0.027523106
88,88,Rimatuu_west,RIM_14,15,190,29.36842105,2.669856459,8.454545455,11,3.473684211,12.25,1.225,3.868421053,11,0.99,108.5339597,14:52:00,14.86666667,always_alone,Alone,none,No,no,no,3.15,4.726280787,2.451491321,47.13617337,5.202004637,24.54290178,27.91666667,3,7.258333333,6,0.229992754,0.637180778,6,0.246784314,-0.035107843,6,0.027523106
89,89,Rimatuu_west,RIM_15,16,182,70.54945055,10.07849294,30.57142857,7,2.307692308,1,1,0.32967033,2,4.41,112.8172609,15:04:00,15.06666667,always_alone,Alone,Other_surgeonfish,Yes,yes,no,3.15,4.726280787,2.451491321,47.13617337,5.202004637,24.54290178,27.91666667,3,7.258333333,6,0.229992754,0.637180778,6,0.246784314,-0.035107843,6,0.027523106
90,90,Rimatuu_west,RIM_16,13,180,10.66666667,2.666666667,8,4,1.333333333,6,2,2,2,1.62,112.2859969,15:13:00,15.21666667,always_alone,Alone,Other_Acanthurus,Yes,yes,no,3.15,4.726280787,2.451491321,47.13617337,5.202004637,24.54290178,27.91666667,3,7.258333333,6,0.229992754,0.637180778,6,0.246784314,-0.035107843,6,0.027523106
91,91,Rimatuu_east,RIM_17,17,180,56.33333333,5.633333333,16.9,10,3.333333333,2.8,0.311111111,0.933333333,0.7,3.68,40.29398272,10:21:00,10.35,always_alone,Alone,none,No,no,no,3.294,5.351348697,20.48658792,41.19514146,34.02261432,163.5674608,39.58333333,2.875,NA,NA,NA,NA,NA,NA,NA,NA,NA
92,92,Rimatuu_east,RIM_18,15,139,17.69784173,4.424460432,10.25,4,1.726618705,3.05,1.016666667,1.316546763,1.5,3.48,30.79461613,10:25:00,10.41666667,always_alone,Alone,Stegastes,Yes,no,yes,3.294,5.351348697,20.48658792,41.19514146,34.02261432,163.5674608,39.58333333,2.875,NA,NA,NA,NA,NA,NA,NA,NA,NA
93,93,Rimatuu_east,RIM_19,15,160,9.375,4.6875,12.5,2,0.75,3,3,1.125,3,3.7,41.93658297,10:39:00,10.65,always_alone,Alone,Stegastes,Yes,no,yes,3.294,5.351348697,20.48658792,41.19514146,34.02261432,163.5674608,39.58333333,2.875,NA,NA,NA,NA,NA,NA,NA,NA,NA
94,94,Rimatuu_east,RIM_20,16,180,49.66666667,4.515151515,13.54545455,11,3.666666667,2.35,0.235,0.783333333,0.65,2.79,41.62515876,10:46:00,10.76666667,always_alone,Alone,Stegastes,Yes,no,yes,3.294,5.351348697,20.48658792,41.19514146,34.02261432,163.5674608,39.58333333,2.875,NA,NA,NA,NA,NA,NA,NA,NA,NA
95,95,Rimatuu_east,RIM_21,16,183,34.09836066,3.409836066,10.4,10,3.278688525,3.05,0.338888889,1,0.8,5.12,47.51952236,10:54:00,10.9,mixed_alone_group,Group,Stegastes,Yes,no,yes,3.294,5.351348697,20.48658792,41.19514146,34.02261432,163.5674608,39.58333333,2.875,NA,NA,NA,NA,NA,NA,NA,NA,NA