,site,Fish_id,Capture_year,Capture_month,TL_cm,Weight_g,Liver_weight_g,Gonad_weight_g,Sex,Stage_coarse,Stage_fine,Muscle_N15,Age,HSI,GSI,K,Growth_residuals,mean_seabird_biomass_200m,mean_seabird_n_input,wave_energy_manual,mean_predator_biomass,mean_atri_biomass,mean_damsel_biomass,mean_turf_obs_adjusted,mean_structure,bites_per_minute,bites_per_minute_n,bites_per_minute_sd,distance_per_minute,distance_per_minute_n,distance_per_minute_sd,turf_n15,turf_n15_n,turf_n15_sd
1,Aie_south,AIE01,2021,7,16.2,106.12,NA,4.71,female,mature,not_gravid_or_unknown,8.55,8,NA,4.438371655,2.496043775,-0.010928871,107.442,117.2713816,5.467382557,32.95932117,11.19520772,17.4276513,15,2,45.04905371,15,18.70337001,1.84018168,15,0.950123795,2.184,15,0.730418667
2,Aie_south,AIE02,2021,7,15.5,93.66,1.33,5.73,female,mature,gravid,8.8,3,1.420029895,6.117873158,2.515122017,-0.014082615,107.442,117.2713816,5.467382557,32.95932117,11.19520772,17.4276513,15,2,45.04905371,15,18.70337001,1.84018168,15,0.950123795,2.184,15,0.730418667
3,Aie_south,AIE03,2021,7,17.1,130.47,3.5,5.08,female,mature,gravid,8.38,5,2.682609029,3.893615391,2.609289888,0.049391301,107.442,117.2713816,5.467382557,32.95932117,11.19520772,17.4276513,15,2,45.04905371,15,18.70337001,1.84018168,15,0.950123795,2.184,15,0.730418667
4,Aie_south,AIE04,2021,7,15.2,81.31,0.59,3.43,female,mature,not_gravid_or_unknown,7.55,2,0.725618005,4.218423318,2.31533159,0.038902249,107.442,117.2713816,5.467382557,32.95932117,11.19520772,17.4276513,15,2,45.04905371,15,18.70337001,1.84018168,15,0.950123795,2.184,15,0.730418667
5,Aie_south,AIE21,2021,7,14.5,78.7,0.24,2.75,female,mature,not_gravid_or_unknown,8.62,2,0.304955527,3.494282084,2.581491656,-0.008417614,107.442,117.2713816,5.467382557,32.95932117,11.19520772,17.4276513,15,2,45.04905371,15,18.70337001,1.84018168,15,0.950123795,2.184,15,0.730418667
6,Aie_north,AIE32,2022,6,15.5,96.2,0.75,1.76,male,mature,not_gravid_or_unknown,8.82,5,0.77962578,1.82952183,2.583330536,-0.048361667,199.614,173.0217415,2.904596281,26.1974965,27.4681985,6.331165991,19.16666667,2.25,36.30307208,14,18.52621725,1.761840822,14,1.279467729,1.595,14,0.619363818
7,Aie_north,AIE33,2022,6,14.2,71.07,0.61,1.02,male,mature,not_gravid_or_unknown,8.71,6,0.85830871,1.435204728,2.482111475,-0.138453533,199.614,173.0217415,2.904596281,26.1974965,27.4681985,6.331165991,19.16666667,2.25,36.30307208,14,18.52621725,1.761840822,14,1.279467729,1.595,14,0.619363818
8,Aie_north,AIE34,2022,6,15.7,99.67,1.48,1.53,female,mature,gravid,7.99,9,1.484900171,1.535065717,2.575523406,-0.041261427,199.614,173.0217415,2.904596281,26.1974965,27.4681985,6.331165991,19.16666667,2.25,36.30307208,14,18.52621725,1.761840822,14,1.279467729,1.595,14,0.619363818
9,Aie_north,AIE35,2022,6,15.8,111.86,0.88,1.71,male,mature,not_gravid_or_unknown,7.91,8,0.786697658,1.528696585,2.835982549,-0.035491419,199.614,173.0217415,2.904596281,26.1974965,27.4681985,6.331165991,19.16666667,2.25,36.30307208,14,18.52621725,1.761840822,14,1.279467729,1.595,14,0.619363818
10,Aie_north,AIE36,2022,6,15.9,114,1.05,1.04,female,mature,gravid,7.6,8,0.921052632,0.912280702,2.836047356,-0.028975369,199.614,173.0217415,2.904596281,26.1974965,27.4681985,6.331165991,19.16666667,2.25,36.30307208,14,18.52621725,1.761840822,14,1.279467729,1.595,14,0.619363818
11,Hir_Aur_hoa,AU1,2021,8,16.1,90.73,0.47,0.86,female,mature,gravid,9.07,7,0.5180205,0.947867299,2.174068796,-0.014532791,475.5833334,388.8613251,2.120539423,22.48373223,10.98435435,24.07181105,5,2.5,15.28455285,2,1.954604111,0.603658537,2,0.853702089,3.435,2,1.435426766
12,Hir_Aur_hoa,AU2,2021,8,14.5,71.39,0.59,NA,female,mature,gravid,13.06,4,0.826446281,NA,2.341711427,-0.106258079,475.5833334,388.8613251,2.120539423,22.48373223,10.98435435,24.07181105,5,2.5,15.28455285,2,1.954604111,0.603658537,2,0.853702089,3.435,2,1.435426766
13,Hir_Aur_hoa,AU3,2021,8,17.8,124.25,0.35,5.64,female,mature,not_gravid_or_unknown,8.41,10,0.281690141,4.539235412,2.203111059,0.084405706,475.5833334,388.8613251,2.120539423,22.48373223,10.98435435,24.07181105,5,2.5,15.28455285,2,1.954604111,0.603658537,2,0.853702089,3.435,2,1.435426766
14,Hir_Aur_hoa,AU4,2021,8,15.7,95.2,0.55,2.19,female,mature,gravid,8.64,6,0.577731092,2.300420168,2.460016336,-0.039311778,475.5833334,388.8613251,2.120539423,22.48373223,10.98435435,24.07181105,5,2.5,15.28455285,2,1.954604111,0.603658537,2,0.853702089,3.435,2,1.435426766
15,Hir_Aur_hoa,AU5,2021,8,9.5,21.48,NA,NA,immature,not_mature_or_unknown,not_gravid_or_unknown,9.29,NA,NA,NA,2.505321475,NA,475.5833334,388.8613251,2.120539423,22.48373223,10.98435435,24.07181105,5,2.5,15.28455285,2,1.954604111,0.603658537,2,0.853702089,3.435,2,1.435426766
16,Hir_Aur_hoa,AU11,2021,8,16.7,97.79,0.79,1.67,female,mature,gravid,8.94,12,0.807853564,1.707741078,2.099640942,0.019063629,475.5833334,388.8613251,2.120539423,22.48373223,10.98435435,24.07181105,5,2.5,15.28455285,2,1.954604111,0.603658537,2,0.853702089,3.435,2,1.435426766
17,Hir_Aur_hoa,AU24,2021,8,16.6,112,0.45,4.22,female,mature,not_gravid_or_unknown,12.99,9,0.401785714,3.767857143,2.448464201,0.013614234,475.5833334,388.8613251,2.120539423,22.48373223,10.98435435,24.07181105,5,2.5,15.28455285,2,1.954604111,0.603658537,2,0.853702089,3.435,2,1.435426766
18,Hir_Aur_hoa,HIRA01,2021,7,15.6,78.91,0.39,1.53,female,mature,gravid,9.27,5,0.494233937,1.938917754,2.078539338,-0.042036467,475.5833334,388.8613251,2.120539423,22.48373223,10.98435435,24.07181105,5,2.5,15.28455285,2,1.954604111,0.603658537,2,0.853702089,3.435,2,1.435426766
19,Hir_Aur_hoa,HIRA02,2021,7,16.9,114.21,0.69,1.22,female,mature,gravid,14.56,8,0.60415025,1.068207688,2.366159506,0.030943186,475.5833334,388.8613251,2.120539423,22.48373223,10.98435435,24.07181105,5,2.5,15.28455285,2,1.954604111,0.603658537,2,0.853702089,3.435,2,1.435426766
20,Hir_Aur_hoa,HIRA03,2021,7,16.3,91.46,0.41,1.14,male,not_mature_or_unknown,not_gravid_or_unknown,8.51,7,0.448283403,1.246446534,2.11187585,-0.003013177,475.5833334,388.8613251,2.120539423,22.48373223,10.98435435,24.07181105,5,2.5,15.28455285,2,1.954604111,0.603658537,2,0.853702089,3.435,2,1.435426766
21,Hir_Aur_hoa,HIRA04,2021,7,15.5,89.64,0.84,4.07,female,mature,gravid,9.2,3,0.93708166,4.540383757,2.407169951,-0.012894247,475.5833334,388.8613251,2.120539423,22.48373223,10.98435435,24.07181105,5,2.5,15.28455285,2,1.954604111,0.603658537,2,0.853702089,3.435,2,1.435426766
22,Hiranae_lagoon,HIRA12,2021,8,10.9,29.25,NA,NA,unknown,not_mature_or_unknown,not_gravid_or_unknown,10.16,1,NA,NA,2.258636679,-0.070218435,225.875,184.6869847,17.90992883,0,11.10682601,7.232369444,11.66666667,1.875,8.412878788,11,6.527890339,2.521969697,11,3.499437004,5.934545455,11,1.328452962
23,Oroatera_lagoon,ORO01,2021,7,18.5,174.5,2.08,7.28,female,mature,gravid,13.4,8,1.191977077,4.171919771,2.756006554,0.121945586,104.4642857,85.41535778,8.585554685,0,79.08929216,4.265497097,7.916666667,1.5,NA,NA,NA,NA,NA,NA,NA,NA,NA
24,Oroatera_lagoon,ORO02,2021,7,15.6,92.63,1.19,NA,unknown,not_mature_or_unknown,not_gravid_or_unknown,10.31,2,1.284680989,NA,2.439932821,0.066180224,104.4642857,85.41535778,8.585554685,0,79.08929216,4.265497097,7.916666667,1.5,NA,NA,NA,NA,NA,NA,NA,NA,NA
25,Oroatera_lagoon,ORO03,2021,7,18.2,161.51,1.15,9,female,mature,gravid,13.68,10,0.712030215,5.572410377,2.679077353,0.10604632,104.4642857,85.41535778,8.585554685,0,79.08929216,4.265497097,7.916666667,1.5,NA,NA,NA,NA,NA,NA,NA,NA,NA
26,Oroatera_lagoon,ORO04,2021,7,15.4,102.81,1.03,1.28,female,mature,gravid,11.2,2,1.001848069,1.245015076,2.814966278,0.051315125,104.4642857,85.41535778,8.585554685,0,79.08929216,4.265497097,7.916666667,1.5,NA,NA,NA,NA,NA,NA,NA,NA,NA
27,Oroatera_lagoon,ORO05,2021,7,17.4,124,1.06,4.96,female,mature,gravid,9.72,5,0.85483871,4,2.353823749,0.067422947,104.4642857,85.41535778,8.585554685,0,79.08929216,4.265497097,7.916666667,1.5,NA,NA,NA,NA,NA,NA,NA,NA,NA
28,Oroatera_south_out,ORO20,2021,8,15.6,89.63,NA,1.62,female,not_mature_or_unknown,not_gravid_or_unknown,7.86,5,NA,1.807430548,2.360910922,-0.041860977,0,0,6.424655573,13.09874825,53.27874533,5.298331544,13.54166667,1.875,NA,NA,NA,NA,NA,NA,NA,NA,NA
29,Oroatera_south_out,ORO23,2021,8,16.8,101.53,0.48,1.88,female,not_mature_or_unknown,not_gravid_or_unknown,7.94,9,0.47276667,1.851669457,2.141245883,0.026855518,0,0,6.424655573,13.09874825,53.27874533,5.298331544,13.54166667,1.875,NA,NA,NA,NA,NA,NA,NA,NA,NA
30,Oroatera_lagoon,ORO36,2021,11,16.8,105.52,1.11,3.07,female,not_mature_or_unknown,not_gravid_or_unknown,10.09,NA,1.051933283,2.909401061,2.225394126,NA,104.4642857,85.41535778,8.585554685,0,79.08929216,4.265497097,7.916666667,1.5,NA,NA,NA,NA,NA,NA,NA,NA,NA
31,Tiaraunu_south_out,TIA4,2021,8,18.7,164.17,1.27,4.25,male,not_mature_or_unknown,not_gravid_or_unknown,6.7,6,0.773588354,2.588779923,2.510550598,0.137094479,0,0,48.50742612,0,31.61042319,7.837343804,8.958333335,1.25,NA,NA,NA,NA,NA,NA,NA,NA,NA
32,Tiaraunu_south_out,TIA5,2021,8,15.6,93,0.24,2.3,female,mature,gravid,7.45,5,0.258064516,2.47311828,2.449678855,-0.041760506,0,0,48.50742612,0,31.61042319,7.837343804,8.958333335,1.25,NA,NA,NA,NA,NA,NA,NA,NA,NA
33,Tiaraunu_south_out,TIA6,2021,8,16,102,0.42,2.05,female,mature,gravid,7.39,6,0.411764706,2.009803922,2.490234375,-0.019538861,0,0,48.50742612,0,31.61042319,7.837343804,8.958333335,1.25,NA,NA,NA,NA,NA,NA,NA,NA,NA
34,Tiaraunu_south_out,TIA7,2021,8,14.4,71.07,0.35,1.79,male,not_mature_or_unknown,not_gravid_or_unknown,7.18,2,0.49247221,2.518643591,2.38011992,-0.014952395,0,0,48.50742612,0,31.61042319,7.837343804,8.958333335,1.25,NA,NA,NA,NA,NA,NA,NA,NA,NA
35,Tiaraunu_south_out,TIA8,2021,8,17,104.42,0.68,2.34,female,mature,gravid,6.92,7,0.651216242,2.24095001,2.125381641,0.039221644,0,0,48.50742612,0,31.61042319,7.837343804,8.958333335,1.25,NA,NA,NA,NA,NA,NA,NA,NA,NA
36,Tiaraunu_south_out,TIA9,2021,8,15.2,81.74,0.43,0.9,female,mature,gravid,6.76,2,0.526058233,1.101052116,2.327575995,0.039290375,0,0,48.50742612,0,31.61042319,7.837343804,8.958333335,1.25,NA,NA,NA,NA,NA,NA,NA,NA,NA
37,Tiaraunu_south_out,TIA10,2021,8,14.5,69.15,0.4,1.86,male,not_mature_or_unknown,not_gravid_or_unknown,6.96,2,0.578452639,2.689804772,2.26823568,-0.008647272,0,0,48.50742612,0,31.61042319,7.837343804,8.958333335,1.25,NA,NA,NA,NA,NA,NA,NA,NA,NA
38,Tau_Aur_hoa,TAUI2,2021,8,16,86.87,0.7,3.02,female,mature,gravid,11.7,2,0.805801773,3.476459077,2.120849609,0.090034861,518.353,423.6519324,1.564332162,4.42539339,41.98137275,5.498022575,18.75,2.25,NA,NA,NA,NA,NA,NA,NA,NA,NA
39,Tau_Aur_hoa,TAUI3,2021,8,15.5,85.93,0.63,3.06,female,mature,gravid,10.1,3,0.733154894,3.561038054,2.307542546,-0.014714829,518.353,423.6519324,1.564332162,4.42539339,41.98137275,5.498022575,18.75,2.25,NA,NA,NA,NA,NA,NA,NA,NA,NA
40,Tau_Aur_hoa,TAUI4,2021,8,18.1,130.48,1.08,2.74,female,mature,gravid,15.76,NA,0.827713059,2.099938688,2.200433375,NA,518.353,423.6519324,1.564332162,4.42539339,41.98137275,5.498022575,18.75,2.25,NA,NA,NA,NA,NA,NA,NA,NA,NA
41,Tau_Aur_hoa,TAUI5,2021,8,16.3,110.07,0.46,1.42,female,mature,gravid,8.39,7,0.417915872,1.290088126,2.541593864,-0.003488132,518.353,423.6519324,1.564332162,4.42539339,41.98137275,5.498022575,18.75,2.25,NA,NA,NA,NA,NA,NA,NA,NA,NA
42,Tau_Aur_hoa,TAUI6,2021,8,14.5,72,NA,NA,unknown,not_mature_or_unknown,not_gravid_or_unknown,10.13,2,NA,NA,2.361720448,-0.008478847,518.353,423.6519324,1.564332162,4.42539339,41.98137275,5.498022575,18.75,2.25,NA,NA,NA,NA,NA,NA,NA,NA,NA
43,Tau_Aur_hoa,TAUI27,2021,8,15.2,78.18,0.51,2.92,female,mature,gravid,8.56,3,0.652340752,3.734970581,2.22620371,-0.031546539,518.353,423.6519324,1.564332162,4.42539339,41.98137275,5.498022575,18.75,2.25,NA,NA,NA,NA,NA,NA,NA,NA,NA
44,Reiono_east,REI01,2021,11,15.7,85.69,0.63,1.14,female,mature,gravid,7.69,5,0.735208309,1.33037694,2.214273108,-0.034888129,96.252,79.3843707,5.632630891,0,1.259320326,7.242708899,34.58333333,1.875,20.22315394,15,11.13381426,1.112434981,15,0.890941874,2.868666667,15,1.371203156
45,Reiono_east,REI02,2021,11,15.6,74,NA,0.96,female,mature,gravid,15.41,7,NA,1.297297297,1.949206831,-0.047575656,96.252,79.3843707,5.632630891,0,1.259320326,7.242708899,34.58333333,1.875,20.22315394,15,11.13381426,1.112434981,15,0.890941874,2.868666667,15,1.371203156
46,Reiono_east,REI03,2021,11,17,86.34,0.6,0.62,female,mature,gravid,7.85,7,0.694927033,0.718091267,1.757378384,0.038376489,96.252,79.3843707,5.632630891,0,1.259320326,7.242708899,34.58333333,1.875,20.22315394,15,11.13381426,1.112434981,15,0.890941874,2.868666667,15,1.371203156
47,Reiono_east,REI04,2021,11,16.8,92.29,0.55,0.82,female,mature,gravid,9.23,8,0.595947557,0.88850363,1.946376269,0.0262407,96.252,79.3843707,5.632630891,0,1.259320326,7.242708899,34.58333333,1.875,20.22315394,15,11.13381426,1.112434981,15,0.890941874,2.868666667,15,1.371203156
48,Reiono_east,REI05,2021,11,17.6,114.43,0.79,0.81,female,mature,gravid,8.51,11,0.690378397,0.707856331,2.09894904,0.072535989,96.252,79.3843707,5.632630891,0,1.259320326,7.242708899,34.58333333,1.875,20.22315394,15,11.13381426,1.112434981,15,0.890941874,2.868666667,15,1.371203156
49,Reiono_east,REI06,2021,11,14.7,71.73,0.88,1.37,female,mature,gravid,13.77,3,1.226822808,1.909940053,2.258129408,-0.066672584,96.252,79.3843707,5.632630891,0,1.259320326,7.242708899,34.58333333,1.875,20.22315394,15,11.13381426,1.112434981,15,0.890941874,2.868666667,15,1.371203156
50,Rimatuu_west,RIM01,2021,11,16.3,109.55,0.76,1.12,female,mature,gravid,7.26,7,0.693747147,1.022364217,2.529586697,-0.002045872,3.15,4.726280787,2.451491321,47.13617337,5.202004637,24.54290178,27.91666667,3,29.81272896,16,18.5553336,2.653078201,16,1.44869523,2.214375,16,1.534526936
51,Rimatuu_west,RIM02,2021,11,15.8,105,0.69,1.17,female,mature,gravid,7.39,5,0.657142857,1.114285714,2.662061216,-0.029675334,3.15,4.726280787,2.451491321,47.13617337,5.202004637,24.54290178,27.91666667,3,29.81272896,16,18.5553336,2.653078201,16,1.44869523,2.214375,16,1.534526936
52,Rimatuu_west,RIM05,2021,11,15.4,84.62,0.54,1.14,female,mature,gravid,7.36,3,0.63814701,1.347199244,2.31691904,-0.01938966,3.15,4.726280787,2.451491321,47.13617337,5.202004637,24.54290178,27.91666667,3,29.81272896,16,18.5553336,2.653078201,16,1.44869523,2.214375,16,1.534526936
53,Rimatuu_west,RIM06,2021,11,14.8,81.89,0.84,0.63,female,mature,gravid,7.34,NA,1.025766272,0.769324704,2.526072,NA,3.15,4.726280787,2.451491321,47.13617337,5.202004637,24.54290178,27.91666667,3,29.81272896,16,18.5553336,2.653078201,16,1.44869523,2.214375,16,1.534526936
54,Rimatuu_west,RIM08,2021,11,14.6,78.49,0.43,0.76,female,mature,not_gravid_or_unknown,7.4,3,0.547840489,0.968276214,2.522062018,-0.071984324,3.15,4.726280787,2.451491321,47.13617337,5.202004637,24.54290178,27.91666667,3,29.81272896,16,18.5553336,2.653078201,16,1.44869523,2.214375,16,1.534526936
55,Rimatuu_west,RIM11,2021,12,15.5,107.51,0.28,2.02,male,mature,not_gravid_or_unknown,6.8,6,0.260440889,1.878894987,2.887046423,-0.052444026,3.15,4.726280787,2.451491321,47.13617337,5.202004637,24.54290178,27.91666667,3,29.81272896,16,18.5553336,2.653078201,16,1.44869523,2.214375,16,1.534526936